timestamp (iso8601 format),ghi_irrad (w/m^2)
2012-11-05T00:00-0800,-0.067510549
2012-11-05T00:15-0800,-0.067510549
2012-11-05T00:30-0800,-0.067510549
2012-11-05T00:45-0800,-0.042194093
2012-11-05T01:00-0800,-0.033755274
2012-11-05T01:15-0800,-0.067510549
2012-11-05T01:30-0800,-0.050632911
2012-11-05T01:45-0800,-0.050632911
2012-11-05T02:00-0800,-0.042194093
2012-11-05T02:15-0800,-0.042194093
2012-11-05T02:30-0800,-0.067510549
2012-11-05T02:45-0800,-0.05907173
2012-11-05T03:00-0800,-0.050632911
2012-11-05T03:15-0800,-0.042194093
2012-11-05T03:30-0800,-0.033755274
2012-11-05T03:45-0800,-0.033755274
2012-11-05T04:00-0800,-0.050632911
2012-11-05T04:15-0800,-0.033755274
2012-11-05T04:30-0800,-0.05907173
2012-11-05T04:45-0800,-0.042194093
2012-11-05T05:00-0800,-0.025316456
2012-11-05T05:15-0800,-0.050632911
2012-11-05T05:30-0800,-0.042194093
2012-11-05T05:45-0800,-0.084388186
2012-11-05T06:00-0800,-0.008438819
2012-11-05T06:15-0800,0.901898734
2012-11-05T06:30-0800,4.810126582
2012-11-05T06:45-0800,32.06751055
2012-11-05T07:00-0800,54.16033755
2012-11-05T07:15-0800,101.7167722
2012-11-05T07:30-0800,141.7811935
2012-11-05T07:45-0800,179.9156118
2012-11-05T08:00-0800,222.1993671
2012-11-05T08:15-0800,262.7034358
2012-11-05T08:30-0800,301.6060127
2012-11-05T08:45-0800,340
2012-11-05T09:00-0800,376.2194093
2012-11-05T09:15-0800,414.3829114
2012-11-05T09:30-0800,446.4978903
2012-11-05T09:45-0800,472.2603978
2012-11-05T10:00-0800,495.9810127
2012-11-05T10:15-0800,518.4472574
2012-11-05T10:30-0800,536.7848101
2012-11-05T10:45-0800,551.021097
2012-11-05T11:00-0800,564.4725738
2012-11-05T11:15-0800,571.7552743
2012-11-05T11:30-0800,577.0072333
2012-11-05T11:45-0800,578.3544304
2012-11-05T12:00-0800,576.6835443
2012-11-05T12:15-0800,569.818038
2012-11-05T12:30-0800,558.8270042
2012-11-05T12:45-0800,545.07173
2012-11-05T13:00-0800,527.3248945
2012-11-05T13:15-0800,508.9511754
2012-11-05T13:30-0800,487.721519
2012-11-05T13:45-0800,461.1983122
2012-11-05T14:00-0800,431.2151899
2012-11-05T14:15-0800,400.0361664
2012-11-05T14:30-0800,365.8059072
2012-11-05T14:45-0800,326.4636076
2012-11-05T15:00-0800,286.835443
2012-11-05T15:15-0800,247.628692
2012-11-05T15:30-0800,206.8860759
2012-11-05T15:45-0800,167.9746835
2012-11-05T16:00-0800,130.1940928
2012-11-05T16:15-0800,93.76371308
2012-11-05T16:30-0800,57.32489451
2012-11-05T16:45-0800,13.24050633
2012-11-05T17:00-0800,3.569620253
2012-11-05T17:15-0800,0.47257384
2012-11-05T17:30-0800,-0.05907173
2012-11-05T17:45-0800,-0.092827004
2012-11-05T18:00-0800,-0.126582278
2012-11-05T18:15-0800,-0.101265823
2012-11-05T18:30-0800,-0.109704641
2012-11-05T18:45-0800,-0.092827004
2012-11-05T19:00-0800,-0.092827004
2012-11-05T19:15-0800,-0.101265823
2012-11-05T19:30-0800,-0.109704641
2012-11-05T19:45-0800,-0.101265823
2012-11-05T20:00-0800,-0.092827004
2012-11-05T20:15-0800,-0.075949367
2012-11-05T20:30-0800,-0.092827004
2012-11-05T20:45-0800,-0.101265823
2012-11-05T21:00-0800,-0.081374322
2012-11-05T21:15-0800,-0.075949367
2012-11-05T21:30-0800,-0.075949367
2012-11-05T21:45-0800,-0.067510549
2012-11-05T22:00-0800,-0.084388186
2012-11-05T22:15-0800,-0.084388186
2012-11-05T22:30-0800,-0.084388186
2012-11-05T22:45-0800,-0.067510549
2012-11-05T23:00-0800,-0.067510549
2012-11-05T23:15-0800,-0.05907173
2012-11-05T23:30-0800,-0.084388186
2012-11-05T23:45-0800,-0.042194093
2012-11-06T00:00-0800,-0.067510549
2012-11-06T00:15-0800,-0.084388186
2012-11-06T00:30-0800,-0.05907173
2012-11-06T00:45-0800,-0.084388186
2012-11-06T01:00-0800,-0.042194093
2012-11-06T01:15-0800,-0.092827004
2012-11-06T01:30-0800,-0.067510549
2012-11-06T01:45-0800,-0.033755274
2012-11-06T02:00-0800,-0.050632911
2012-11-06T02:15-0800,-0.016877637
2012-11-06T02:30-0800,-0.067510549
2012-11-06T02:45-0800,-0.050632911
2012-11-06T03:00-0800,-0.033755274
2012-11-06T03:15-0800,-0.025316456
2012-11-06T03:30-0800,-0.05907173
2012-11-06T03:45-0800,-0.042194093
2012-11-06T04:00-0800,-0.033755274
2012-11-06T04:15-0800,-0.042194093
2012-11-06T04:30-0800,-0.025316456
2012-11-06T04:45-0800,-0.033755274
2012-11-06T05:00-0800,-0.042194093
2012-11-06T05:15-0800,-0.05907173
2012-11-06T05:30-0800,-0.042194093
2012-11-06T05:45-0800,-0.025316456
2012-11-06T06:00-0800,-0.008438819
2012-11-06T06:15-0800,0.784810127
2012-11-06T06:30-0800,4.666666667
2012-11-06T06:45-0800,28.05063291
2012-11-06T07:00-0800,56.16033755
2012-11-06T07:15-0800,97.87341772
2012-11-06T07:30-0800,138.1097046
2012-11-06T07:45-0800,178.0675105
2012-11-06T08:00-0800,218.6160338
2012-11-06T08:15-0800,258.5232068
2012-11-06T08:30-0800,297.4177215
2012-11-06T08:45-0800,335.7890295
2012-11-06T09:00-0800,372.5907173
2012-11-06T09:15-0800,408.7004219
2012-11-06T09:30-0800,439.5780591
2012-11-06T09:45-0800,466.2362869
2012-11-06T10:00-0800,490.3628692
2012-11-06T10:15-0800,511.535865
2012-11-06T10:30-0800,529.8987342
2012-11-06T10:45-0800,545.6202532
2012-11-06T11:00-0800,556.8016878
2012-11-06T11:15-0800,564.5400844
2012-11-06T11:30-0800,568.5232068
2012-11-06T11:45-0800,568.649789
2012-11-06T12:00-0800,565.0632911
2012-11-06T12:15-0800,558.5063291
2012-11-06T12:30-0800,544.7848101
2012-11-06T12:45-0800,531.350211
2012-11-06T13:00-0800,514.742616
2012-11-06T13:15-0800,496.8945148
2012-11-06T13:30-0800,476.2194093
2012-11-06T13:45-0800,452.7341772
2012-11-06T14:00-0800,427.814346
2012-11-06T14:15-0800,396.6160338
2012-11-06T14:30-0800,360.8860759
2012-11-06T14:45-0800,322.4135021
2012-11-06T15:00-0800,282.9113924
2012-11-06T15:15-0800,243.9746835
2012-11-06T15:30-0800,206.0168776
2012-11-06T15:45-0800,166.8776371
2012-11-06T16:00-0800,127.4936709
2012-11-06T16:15-0800,89.97468354
2012-11-06T16:30-0800,54.10970464
2012-11-06T16:45-0800,13.38396624
2012-11-06T17:00-0800,3.518987342
2012-11-06T17:15-0800,0.438818565
2012-11-06T17:30-0800,-0.042194093
2012-11-06T17:45-0800,-0.101265823
2012-11-06T18:00-0800,-0.101265823
2012-11-06T18:15-0800,-0.067510549
2012-11-06T18:30-0800,-0.092827004
2012-11-06T18:45-0800,-0.101265823
2012-11-06T19:00-0800,-0.109704641
2012-11-06T19:15-0800,-0.084388186
2012-11-06T19:30-0800,-0.092827004
2012-11-06T19:45-0800,-0.11814346
2012-11-06T20:00-0800,-0.067510549
2012-11-06T20:15-0800,-0.084388186
2012-11-06T20:30-0800,-0.05907173
2012-11-06T20:45-0800,-0.084388186
2012-11-06T21:00-0800,-0.05907173
2012-11-06T21:15-0800,-0.054249548
2012-11-06T21:30-0800,-0.037974684
2012-11-06T21:45-0800,-0.084388186
2012-11-06T22:00-0800,-0.067510549
2012-11-06T22:15-0800,-0.05907173
2012-11-06T22:30-0800,-0.067510549
2012-11-06T22:45-0800,-0.05907173
2012-11-06T23:00-0800,-0.075949367
2012-11-06T23:15-0800,-0.067510549
2012-11-06T23:30-0800,-0.067510549
2012-11-06T23:45-0800,-0.033755274
2012-11-07T00:00-0800,-0.067510549
2012-11-07T00:15-0800,-0.067510549
2012-11-07T00:30-0800,-0.067510549
2012-11-07T00:45-0800,-0.05842259
2012-11-07T01:00-0800,-0.042194093
2012-11-07T01:15-0800,-0.025316456
2012-11-07T01:30-0800,-0.042194093
2012-11-07T01:45-0800,-0.067510549
2012-11-07T02:00-0800,-0.042194093
2012-11-07T02:15-0800,-0.025316456
2012-11-07T02:30-0800,-0.050632911
2012-11-07T02:45-0800,-0.05907173
2012-11-07T03:00-0800,-0.025316456
2012-11-07T03:15-0800,-0.050632911
2012-11-07T03:30-0800,-0.033755274
2012-11-07T03:45-0800,-0.042194093
2012-11-07T04:00-0800,-0.025316456
2012-11-07T04:15-0800,-0.042194093
2012-11-07T04:30-0800,-0.050632911
2012-11-07T04:45-0800,-0.033755274
2012-11-07T05:00-0800,-0.042194093
2012-11-07T05:15-0800,-0.033755274
2012-11-07T05:30-0800,-0.05907173
2012-11-07T05:45-0800,-0.033755274
2012-11-07T06:00-0800,-0.033755274
2012-11-07T06:15-0800,0.143459916
2012-11-07T06:30-0800,1.333333333
2012-11-07T06:45-0800,4.481012658
2012-11-07T07:00-0800,11.81434599
2012-11-07T07:15-0800,22.66666667
2012-11-07T07:30-0800,31.41772152
2012-11-07T07:45-0800,39.84810127
2012-11-07T08:00-0800,51.07172996
2012-11-07T08:15-0800,64.81012658
2012-11-07T08:30-0800,87.66244726
2012-11-07T08:45-0800,114.3037975
2012-11-07T09:00-0800,146.5147679
2012-11-07T09:15-0800,256.3881857
2012-11-07T09:30-0800,203.2742616
2012-11-07T09:45-0800,314.9620253
2012-11-07T10:00-0800,237.814346
2012-11-07T10:15-0800,444.092827
2012-11-07T10:30-0800,489.1308017
2012-11-07T10:45-0800,525.9324895
2012-11-07T11:00-0800,543.3670886
2012-11-07T11:15-0800,546.6582278
2012-11-07T11:30-0800,546.978903
2012-11-07T11:45-0800,546.9451477
2012-11-07T12:00-0800,540.4894515
2012-11-07T12:15-0800,539.257384
2012-11-07T12:30-0800,525.07173
2012-11-07T12:45-0800,515.6371308
2012-11-07T13:00-0800,497.2911392
2012-11-07T13:15-0800,476.5822785
2012-11-07T13:30-0800,456.6751055
2012-11-07T13:45-0800,435.1223629
2012-11-07T14:00-0800,404.4135021
2012-11-07T14:15-0800,372.872444
2012-11-07T14:30-0800,341.3924051
2012-11-07T14:45-0800,304.3544304
2012-11-07T15:00-0800,265.1223629
2012-11-07T15:15-0800,226.4303797
2012-11-07T15:30-0800,188.0337553
2012-11-07T15:45-0800,146.3291139
2012-11-07T16:00-0800,104.5991561
2012-11-07T16:15-0800,69.55274262
2012-11-07T16:30-0800,35.82278481
2012-11-07T16:45-0800,11.67932489
2012-11-07T17:00-0800,3.021097046
2012-11-07T17:15-0800,0.261603376
2012-11-07T17:30-0800,-0.042194093
2012-11-07T17:45-0800,-0.05907173
2012-11-07T18:00-0800,-0.042194093
2012-11-07T18:15-0800,-0.050632911
2012-11-07T18:30-0800,-0.042194093
2012-11-07T18:45-0800,-0.033755274
2012-11-07T19:00-0800,-0.05842259
2012-11-07T19:15-0800,-0.042194093
2012-11-07T19:30-0800,-0.050632911
2012-11-07T19:45-0800,-0.033755274
2012-11-07T20:00-0800,-0.042194093
2012-11-07T20:15-0800,-0.025316456
2012-11-07T20:30-0800,-0.033755274
2012-11-07T20:45-0800,-0.042194093
2012-11-07T21:00-0800,-0.092827004
2012-11-07T21:15-0800,-0.050632911
2012-11-07T21:30-0800,-0.05907173
2012-11-07T21:45-0800,-0.050632911
2012-11-07T22:00-0800,-0.042194093
2012-11-07T22:15-0800,-0.047468354
2012-11-07T22:30-0800,-0.054249548
2012-11-07T22:45-0800,-0.033755274
2012-11-07T23:00-0800,-0.033755274
2012-11-07T23:15-0800,-0.050632911
2012-11-07T23:30-0800,-0.039556962
2012-11-07T23:45-0800,-0.045207957
2012-11-08T00:00-0800,-0.016877637
2012-11-08T00:15-0800,-0.050632911
2012-11-08T00:30-0800,-0.102848101
2012-11-08T00:45-0800,-0.033755274
2012-11-08T01:00-0800,-0.054249548
2012-11-08T01:15-0800,-0.050632911
2012-11-08T01:30-0800,-0.042194093
2012-11-08T01:45-0800,-0.03164557
2012-11-08T02:00-0800,-0.05907173
2012-11-08T02:15-0800,-0.042194093
2012-11-08T02:30-0800,-0.054249548
2012-11-08T02:45-0800,-0.039556962
2012-11-08T03:00-0800,-0.067510549
2012-11-08T03:15-0800,-0.036166365
2012-11-08T03:30-0800,-0.063291139
2012-11-08T03:45-0800,-0.033755274
2012-11-08T04:00-0800,-0.05907173
2012-11-08T04:15-0800,-0.033755274
2012-11-08T04:30-0800,-0.025316456
2012-11-08T04:45-0800,-0.054249548
2012-11-08T05:00-0800,-0.015822785
2012-11-08T05:15-0800,-0.042194093
2012-11-08T05:30-0800,-0.025316456
2012-11-08T05:45-0800,-0.009041591
2012-11-08T06:00-0800,-0.025316456
2012-11-08T06:15-0800,0.135021097
2012-11-08T06:30-0800,2.185654008
2012-11-08T06:45-0800,9.181434599
2012-11-08T07:00-0800,14.48945148
2012-11-08T07:15-0800,23.02109705
2012-11-08T07:30-0800,46.92827004
2012-11-08T07:45-0800,66.70886076
2012-11-08T08:00-0800,64.46413502
2012-11-08T08:15-0800,120.1603376
2012-11-08T08:30-0800,310.4556962
2012-11-08T08:45-0800,259.443038
2012-11-08T09:00-0800,367.1476793
2012-11-08T09:15-0800,397.2067511
2012-11-08T09:30-0800,434.6329114
2012-11-08T09:45-0800,480.30185
2012-11-08T10:00-0800,345.7383966
2012-11-08T10:15-0800,193.257384
2012-11-08T10:30-0800,163.6877637
2012-11-08T10:45-0800,194.1518987
2012-11-08T11:00-0800,159.1476793
2012-11-08T11:15-0800,490.4673807
2012-11-08T11:30-0800,378.4472574
2012-11-08T11:45-0800,416.4978903
2012-11-08T12:00-0800,468
2012-11-08T12:15-0800,580.9957806
2012-11-08T12:30-0800,428.1181435
2012-11-08T12:45-0800,164.4050633
2012-11-08T13:00-0800,171.9746835
2012-11-08T13:15-0800,182.5991561
2012-11-08T13:30-0800,164.5822785
2012-11-08T13:45-0800,133.8565401
2012-11-08T14:00-0800,98.51476793
2012-11-08T14:15-0800,116.2700422
2012-11-08T14:30-0800,115.8396624
2012-11-08T14:45-0800,77.95780591
2012-11-08T15:00-0800,70.99578059
2012-11-08T15:15-0800,92.7257384
2012-11-08T15:30-0800,55.82278481
2012-11-08T15:45-0800,34.08438819
2012-11-08T16:00-0800,19.52742616
2012-11-08T16:15-0800,15.40084388
2012-11-08T16:30-0800,7.502109705
2012-11-08T16:45-0800,2.371308017
2012-11-08T17:00-0800,0.438818565
2012-11-08T17:15-0800,0.033755274
2012-11-08T17:30-0800,-0.050632911
2012-11-08T17:45-0800,-0.042194093
2012-11-08T18:00-0800,-0.033755274
2012-11-08T18:15-0800,-0.033755274
2012-11-08T18:30-0800,-0.033755274
2012-11-08T18:45-0800,-0.016877637
2012-11-08T19:00-0800,-0.016877637
2012-11-08T19:15-0800,-0.033755274
2012-11-08T19:30-0800,-0.008438819
2012-11-08T19:45-0800,-0.008438819
2012-11-08T20:00-0800,-0.016877637
2012-11-08T20:15-0800,-0.016877637
2012-11-08T20:30-0800,-0.025316456
2012-11-08T20:45-0800,-0.042194093
2012-11-08T21:00-0800,-0.008438819
2012-11-08T21:15-0800,-0.016877637
2012-11-08T21:30-0800,-0.027124774
2012-11-08T21:45-0800,-0.039556962
2012-11-08T22:00-0800,-0.008438819
2012-11-08T22:15-0800,-0.029211295
2012-11-08T22:30-0800,--
2012-11-08T22:45-0800,-0.050632911
2012-11-08T23:00-0800,-0.008438819
2012-11-08T23:15-0800,-0.016877637
2012-11-08T23:30-0800,--
2012-11-08T23:45-0800,-0.016877637
2012-11-09T00:00-0800,-0.025316456
2012-11-09T00:15-0800,-0.016877637
2012-11-09T00:30-0800,-0.025316456
2012-11-09T00:45-0800,-0.008438819
2012-11-09T01:00-0800,-0.008438819
2012-11-09T01:15-0800,-0.025316456
2012-11-09T01:30-0800,-0.025316456
2012-11-09T01:45-0800,-0.016877637
2012-11-09T02:00-0800,-0.008438819
2012-11-09T02:15-0800,-0.008438819
2012-11-09T02:30-0800,-0.016877637
2012-11-09T02:45-0800,-0.016877637
2012-11-09T03:00-0800,-0.008438819
2012-11-09T03:15-0800,--
2012-11-09T03:30-0800,-0.016877637
2012-11-09T03:45-0800,-0.016877637
2012-11-09T04:00-0800,-0.008438819
2012-11-09T04:15-0800,-0.016877637
2012-11-09T04:30-0800,-0.033755274
2012-11-09T04:45-0800,-0.016877637
2012-11-09T05:00-0800,-0.008438819
2012-11-09T05:15-0800,-0.016877637
2012-11-09T05:30-0800,--
2012-11-09T05:45-0800,-0.008438819
2012-11-09T06:00-0800,-0.025316456
2012-11-09T06:15-0800,0.270042194
2012-11-09T06:30-0800,2.548523207
2012-11-09T06:45-0800,8.008438819
2012-11-09T07:00-0800,14.35443038
2012-11-09T07:15-0800,36.5907173
2012-11-09T07:30-0800,106.6244726
2012-11-09T07:45-0800,169.7721519
2012-11-09T08:00-0800,165.1983122
2012-11-09T08:15-0800,205.628692
2012-11-09T08:30-0800,221.3755274
2012-11-09T08:45-0800,361.5864979
2012-11-09T09:00-0800,397.2489451
2012-11-09T09:15-0800,419.5527426
2012-11-09T09:30-0800,391.4683544
2012-11-09T09:45-0800,407.6118143
2012-11-09T10:00-0800,422.9113924
2012-11-09T10:15-0800,404.371308
2012-11-09T10:30-0800,553.0970464
2012-11-09T10:45-0800,495.3333333
2012-11-09T11:00-0800,339.3164557
2012-11-09T11:15-0800,258
2012-11-09T11:30-0800,399.5949367
2012-11-09T11:45-0800,503.0295359
2012-11-09T12:00-0800,214.0253165
2012-11-09T12:15-0800,488.092827
2012-11-09T12:30-0800,299.2405063
2012-11-09T12:45-0800,138.1940928
2012-11-09T13:00-0800,91.39240506
2012-11-09T13:15-0800,331.4683544
2012-11-09T13:30-0800,513.0801688
2012-11-09T13:45-0800,402
2012-11-09T14:00-0800,65.56962025
2012-11-09T14:15-0800,87.89873418
2012-11-09T14:30-0800,238.8412853
2012-11-09T14:45-0800,152.6075949
2012-11-09T15:00-0800,109.1561181
2012-11-09T15:15-0800,211.8987342
2012-11-09T15:30-0800,160.3797468
2012-11-09T15:45-0800,120.3122363
2012-11-09T16:00-0800,99.85654008
2012-11-09T16:15-0800,83.907173
2012-11-09T16:30-0800,68.17721519
2012-11-09T16:45-0800,9.535864979
2012-11-09T17:00-0800,1.991561181
2012-11-09T17:15-0800,0.210970464
2012-11-09T17:30-0800,-0.016877637
2012-11-09T17:45-0800,-0.025316456
2012-11-09T18:00-0800,-0.025316456
2012-11-09T18:15-0800,-0.025316456
2012-11-09T18:30-0800,-0.042194093
2012-11-09T18:45-0800,-0.008438819
2012-11-09T19:00-0800,-0.025316456
2012-11-09T19:15-0800,-0.008438819
2012-11-09T19:30-0800,-0.016877637
2012-11-09T19:45-0800,-0.050632911
2012-11-09T20:00-0800,-0.033755274
2012-11-09T20:15-0800,-0.042194093
2012-11-09T20:30-0800,-0.016877637
2012-11-09T20:45-0800,-0.008438819
2012-11-09T21:00-0800,-0.016877637
2012-11-09T21:15-0800,-0.033755274
2012-11-09T21:30-0800,-0.033755274
2012-11-09T21:45-0800,-0.008438819
2012-11-09T22:00-0800,-0.025316456
2012-11-09T22:15-0800,-0.016877637
2012-11-09T22:30-0800,-0.016877637
2012-11-09T22:45-0800,-0.008438819
2012-11-09T23:00-0800,-0.016877637
2012-11-09T23:15-0800,-0.025316456
2012-11-09T23:30-0800,-0.025316456
2012-11-09T23:45-0800,-0.008438819
2012-11-10T00:00-0800,--
2012-11-10T00:15-0800,-0.008438819
2012-11-10T00:30-0800,-0.016877637
2012-11-10T00:45-0800,-0.033755274
2012-11-10T01:00-0800,-0.025316456
2012-11-10T01:15-0800,--
2012-11-10T01:30-0800,--
2012-11-10T01:45-0800,-0.016877637
2012-11-10T02:00-0800,-0.008438819
2012-11-10T02:15-0800,--
2012-11-10T02:30-0800,-0.008438819
2012-11-10T02:45-0800,-0.008438819
2012-11-10T03:00-0800,--
2012-11-10T03:15-0800,--
2012-11-10T03:30-0800,-0.008438819
2012-11-10T03:45-0800,-0.008438819
2012-11-10T04:00-0800,--
2012-11-10T04:15-0800,-0.008438819
2012-11-10T04:30-0800,-0.008438819
2012-11-10T04:45-0800,-0.009737098
2012-11-10T05:00-0800,--
2012-11-10T05:15-0800,-0.008438819
2012-11-10T05:30-0800,-0.008438819
2012-11-10T05:45-0800,-0.025316456
2012-11-10T06:00-0800,-0.008438819
2012-11-10T06:15-0800,0.278481013
2012-11-10T06:30-0800,2.666666667
2012-11-10T06:45-0800,7.35021097
2012-11-10T07:00-0800,15.46835443
2012-11-10T07:15-0800,72.43881857
2012-11-10T07:30-0800,125.5527426
2012-11-10T07:45-0800,162.9367089
2012-11-10T08:00-0800,204.1940928
2012-11-10T08:15-0800,244.6329114
2012-11-10T08:30-0800,283.9493671
2012-11-10T08:45-0800,322.6244726
2012-11-10T09:00-0800,360.0759494
2012-11-10T09:15-0800,397.1476793
2012-11-10T09:30-0800,432.2109705
2012-11-10T09:45-0800,479.3333333
2012-11-10T10:00-0800,539.9446203
2012-11-10T10:15-0800,489.7739602
2012-11-10T10:30-0800,548.8270042
2012-11-10T10:45-0800,546.3291139
2012-11-10T11:00-0800,546.7510549
2012-11-10T11:15-0800,359.2827004
2012-11-10T11:30-0800,551.4177215
2012-11-10T11:45-0800,532.0084388
2012-11-10T12:00-0800,558.9957806
2012-11-10T12:15-0800,512.7679325
2012-11-10T12:30-0800,514.2563291
2012-11-10T12:45-0800,544.6292948
2012-11-10T13:00-0800,527.2658228
2012-11-10T13:15-0800,508.7004219
2012-11-10T13:30-0800,485.9156118
2012-11-10T13:45-0800,457.5870253
2012-11-10T14:00-0800,309.4575045
2012-11-10T14:15-0800,254.9819168
2012-11-10T14:30-0800,358.7420886
2012-11-10T14:45-0800,321.1392405
2012-11-10T15:00-0800,192.8560127
2012-11-10T15:15-0800,198.2194093
2012-11-10T15:30-0800,152.6311031
2012-11-10T15:45-0800,97.56962025
2012-11-10T16:00-0800,56.15189873
2012-11-10T16:15-0800,81.7721519
2012-11-10T16:30-0800,48.092827
2012-11-10T16:45-0800,8.789556962
2012-11-10T17:00-0800,2.514767932
2012-11-10T17:15-0800,0.202531646
2012-11-10T17:30-0800,-0.008438819
2012-11-10T17:45-0800,-0.025316456
2012-11-10T18:00-0800,-0.042194093
2012-11-10T18:15-0800,-0.036166365
2012-11-10T18:30-0800,-0.007911392
2012-11-10T18:45-0800,-0.008438819
2012-11-10T19:00-0800,-0.027124774
2012-11-10T19:15-0800,-0.03164557
2012-11-10T19:30-0800,-0.016877637
2012-11-10T19:45-0800,-0.025316456
2012-11-10T20:00-0800,-0.027124774
2012-11-10T20:15-0800,-0.039556962
2012-11-10T20:30-0800,-0.008438819
2012-11-10T20:45-0800,-0.016877637
2012-11-10T21:00-0800,-0.008438819
2012-11-10T21:15-0800,-0.025316456
2012-11-10T21:30-0800,-0.025316456
2012-11-10T21:45-0800,-0.016877637
2012-11-10T22:00-0800,-0.025316456
2012-11-10T22:15-0800,-0.016877637
2012-11-10T22:30-0800,-0.025316456
2012-11-10T22:45-0800,-0.033755274
2012-11-10T23:00-0800,-0.008438819
2012-11-10T23:15-0800,-0.008438819
2012-11-10T23:30-0800,-0.016877637
2012-11-10T23:45-0800,-0.008438819
2012-11-11T00:00-0800,-0.008438819
2012-11-11T00:15-0800,-0.008438819
2012-11-11T00:30-0800,-0.008438819
2012-11-11T00:45-0800,-0.016877637
2012-11-11T01:00-0800,-0.008438819
2012-11-11T01:15-0800,-0.008438819
2012-11-11T01:30-0800,-0.008438819
2012-11-11T01:45-0800,-0.025316456
2012-11-11T02:00-0800,-0.025316456
2012-11-11T02:15-0800,--
2012-11-11T02:30-0800,--
2012-11-11T02:45-0800,-0.008438819
2012-11-11T03:00-0800,-0.033755274
2012-11-11T03:15-0800,-0.008438819
2012-11-11T03:30-0800,-0.008438819
2012-11-11T03:45-0800,-0.008438819
2012-11-11T04:00-0800,--
2012-11-11T04:15-0800,--
2012-11-11T04:30-0800,-0.008438819
2012-11-11T04:45-0800,-0.008438819
2012-11-11T05:00-0800,-0.016877637
2012-11-11T05:15-0800,-0.025316456
2012-11-11T05:30-0800,-0.033755274
2012-11-11T05:45-0800,--
2012-11-11T06:00-0800,--
2012-11-11T06:15-0800,0.371308017
2012-11-11T06:30-0800,3.105485232
2012-11-11T06:45-0800,14.63291139
2012-11-11T07:00-0800,49.7721519
2012-11-11T07:15-0800,86.092827
2012-11-11T07:30-0800,124.6075949
2012-11-11T07:45-0800,163.8059072
2012-11-11T08:00-0800,203.5189873
2012-11-11T08:15-0800,243.1392405
2012-11-11T08:30-0800,284.3628692
2012-11-11T08:45-0800,319.9324895
2012-11-11T09:00-0800,345.4936709
2012-11-11T09:15-0800,394.6919831
2012-11-11T09:30-0800,425.1308017
2012-11-11T09:45-0800,452.835443
2012-11-11T10:00-0800,477.7890295
2012-11-11T10:15-0800,497.5657254
2012-11-11T10:30-0800,517.021097
2012-11-11T10:45-0800,532.2278481
2012-11-11T11:00-0800,550.7510549
2012-11-11T11:15-0800,557.3164557
2012-11-11T11:30-0800,560.1772152
2012-11-11T11:45-0800,541.3670886
2012-11-11T12:00-0800,520.371308
2012-11-11T12:15-0800,533.721519
2012-11-11T12:30-0800,528.8776371
2012-11-11T12:45-0800,498.0506329
2012-11-11T13:00-0800,513.7890295
2012-11-11T13:15-0800,501.8902954
2012-11-11T13:30-0800,479.2489451
2012-11-11T13:45-0800,450.3797468
2012-11-11T14:00-0800,418.556962
2012-11-11T14:15-0800,385.6202532
2012-11-11T14:30-0800,349.2489451
2012-11-11T14:45-0800,311.7637131
2012-11-11T15:00-0800,272.7510549
2012-11-11T15:15-0800,233.7721519
2012-11-11T15:30-0800,195.2236287
2012-11-11T15:45-0800,156.0084388
2012-11-11T16:00-0800,118.2109705
2012-11-11T16:15-0800,78.57383966
2012-11-11T16:30-0800,22.64978903
2012-11-11T16:45-0800,8.050632911
2012-11-11T17:00-0800,2.135021097
2012-11-11T17:15-0800,0.109704641
2012-11-11T17:30-0800,-0.050632911
2012-11-11T17:45-0800,-0.05907173
2012-11-11T18:00-0800,-0.050632911
2012-11-11T18:15-0800,-0.05907173
2012-11-11T18:30-0800,-0.050632911
2012-11-11T18:45-0800,-0.025316456
2012-11-11T19:00-0800,-0.016877637
2012-11-11T19:15-0800,-0.033755274
2012-11-11T19:30-0800,-0.018083183
2012-11-11T19:45-0800,-0.016877637
2012-11-11T20:00-0800,-0.025316456
2012-11-11T20:15-0800,-0.008438819
2012-11-11T20:30-0800,-0.016877637
2012-11-11T20:45-0800,-0.008438819
2012-11-11T21:00-0800,-0.025316456
2012-11-11T21:15-0800,-0.008438819
2012-11-11T21:30-0800,-0.008438819
2012-11-11T21:45-0800,-0.016877637
2012-11-11T22:00-0800,-0.033755274
2012-11-11T22:15-0800,-0.025316456
2012-11-11T22:30-0800,-0.009041591
2012-11-11T22:45-0800,-0.025316456
2012-11-11T23:00-0800,-0.016877637
2012-11-11T23:15-0800,-0.016877637
2012-11-11T23:30-0800,-0.025316456
2012-11-11T23:45-0800,-0.016877637
2012-11-12T00:00-0800,-0.016877637
2012-11-12T00:15-0800,-0.016877637
2012-11-12T00:30-0800,-0.016877637
2012-11-12T00:45-0800,-0.008438819
2012-11-12T01:00-0800,-0.016877637
2012-11-12T01:15-0800,-0.016877637
2012-11-12T01:30-0800,-0.008438819
2012-11-12T01:45-0800,-0.016877637
2012-11-12T02:00-0800,-0.008438819
2012-11-12T02:15-0800,-0.008438819
2012-11-12T02:30-0800,-0.008438819
2012-11-12T02:45-0800,--
2012-11-12T03:00-0800,-0.008438819
2012-11-12T03:15-0800,-0.016877637
2012-11-12T03:30-0800,-0.008438819
2012-11-12T03:45-0800,-0.016877637
2012-11-12T04:00-0800,-0.008438819
2012-11-12T04:15-0800,-0.016877637
2012-11-12T04:30-0800,-0.008438819
2012-11-12T04:45-0800,-0.042194093
2012-11-12T05:00-0800,-0.016877637
2012-11-12T05:15-0800,-0.008438819
2012-11-12T05:30-0800,-0.025316456
2012-11-12T05:45-0800,-0.016877637
2012-11-12T06:00-0800,--
2012-11-12T06:15-0800,0.202531646
2012-11-12T06:30-0800,2.388185654
2012-11-12T06:45-0800,8.362869198
2012-11-12T07:00-0800,34.51476793
2012-11-12T07:15-0800,83.89873418
2012-11-12T07:30-0800,112.0168776
2012-11-12T07:45-0800,157.0801688
2012-11-12T08:00-0800,196.3797468
2012-11-12T08:15-0800,235.5864979
2012-11-12T08:30-0800,274.4303797
2012-11-12T08:45-0800,312.7172996
2012-11-12T09:00-0800,349.8649789
2012-11-12T09:15-0800,384.4725738
2012-11-12T09:30-0800,414.7510549
2012-11-12T09:45-0800,440.4219409
2012-11-12T10:00-0800,464.3375527
2012-11-12T10:15-0800,485.6708861
2012-11-12T10:30-0800,505.7299578
2012-11-12T10:45-0800,521.0126582
2012-11-12T11:00-0800,532.5654008
2012-11-12T11:15-0800,541.3248945
2012-11-12T11:30-0800,545.8565401
2012-11-12T11:45-0800,547.5864979
2012-11-12T12:00-0800,542.9113924
2012-11-12T12:15-0800,538.4135021
2012-11-12T12:30-0800,526.1434599
2012-11-12T12:45-0800,514.0506329
2012-11-12T13:00-0800,501.7468354
2012-11-12T13:15-0800,483.9240506
2012-11-12T13:30-0800,465.9240506
2012-11-12T13:45-0800,443.6392405
2012-11-12T14:00-0800,409.5991561
2012-11-12T14:15-0800,375.3670886
2012-11-12T14:30-0800,341.9198312
2012-11-12T14:45-0800,301.5189873
2012-11-12T15:00-0800,266.9704641
2012-11-12T15:15-0800,227.3417722
2012-11-12T15:30-0800,188.6329114
2012-11-12T15:45-0800,149.443038
2012-11-12T16:00-0800,111.1392405
2012-11-12T16:15-0800,73.96299903
2012-11-12T16:30-0800,37.45147679
2012-11-12T16:45-0800,7.400843882
2012-11-12T17:00-0800,2.345991561
2012-11-12T17:15-0800,0.143459916
2012-11-12T17:30-0800,-0.016877637
2012-11-12T17:45-0800,-0.050632911
2012-11-12T18:00-0800,-0.042194093
2012-11-12T18:15-0800,-0.025316456
2012-11-12T18:30-0800,-0.042194093
2012-11-12T18:45-0800,-0.016877637
2012-11-12T19:00-0800,-0.033755274
2012-11-12T19:15-0800,-0.042194093
2012-11-12T19:30-0800,-0.033755274
2012-11-12T19:45-0800,-0.033755274
2012-11-12T20:00-0800,-0.042194093
2012-11-12T20:15-0800,-0.016877637
2012-11-12T20:30-0800,-0.016877637
2012-11-12T20:45-0800,-0.033755274
2012-11-12T21:00-0800,-0.050632911
2012-11-12T21:15-0800,-0.025316456
2012-11-12T21:30-0800,-0.016877637
2012-11-12T21:45-0800,-0.016877637
2012-11-12T22:00-0800,-0.016877637
2012-11-12T22:15-0800,-0.008438819
2012-11-12T22:30-0800,-0.016877637
2012-11-12T22:45-0800,-0.008438819
2012-11-12T23:00-0800,-0.016877637
2012-11-12T23:15-0800,-0.016877637
2012-11-12T23:30-0800,-0.016877637
2012-11-12T23:45-0800,-0.008438819
2012-11-13T00:00-0800,-0.008438819
2012-11-13T00:15-0800,--
2012-11-13T00:30-0800,-0.025316456
2012-11-13T00:45-0800,-0.008438819
2012-11-13T01:00-0800,-0.015822785
2012-11-13T01:15-0800,-0.036166365
2012-11-13T01:30-0800,-0.008438819
2012-11-13T01:45-0800,-0.033755274
2012-11-13T02:00-0800,-0.015822785
2012-11-13T02:15-0800,-0.027124774
2012-11-13T02:30-0800,--
2012-11-13T02:45-0800,-0.010548523
2012-11-13T03:00-0800,-0.01150748
2012-11-13T03:15-0800,-0.008438819
2012-11-13T03:30-0800,-0.023734177
2012-11-13T03:45-0800,-0.018083183
2012-11-13T04:00-0800,-0.03452244
2012-11-13T04:15-0800,--
2012-11-13T04:30-0800,--
2012-11-13T04:45-0800,--
2012-11-13T05:00-0800,-0.023734177
2012-11-13T05:15-0800,-0.009041591
2012-11-13T05:30-0800,--
2012-11-13T05:45-0800,-0.025316456
2012-11-13T06:00-0800,-0.009041591
2012-11-13T06:15-0800,0.185654008
2012-11-13T06:30-0800,2.29535865
2012-11-13T06:45-0800,12.16772152
2012-11-13T07:00-0800,44.84629295
2012-11-13T07:15-0800,79.09704641
2012-11-13T07:30-0800,115.806962
2012-11-13T07:45-0800,155.7552743
2012-11-13T08:00-0800,186.4240506
2012-11-13T08:15-0800,233.9915612
2012-11-13T08:30-0800,270.0542495
2012-11-13T08:45-0800,307.6793249
2012-11-13T09:00-0800,345.4193038
2012-11-13T09:15-0800,382.3206751
2012-11-13T09:30-0800,411.2206148
2012-11-13T09:45-0800,437.943038
2012-11-13T10:00-0800,462.1097046
2012-11-13T10:15-0800,484.0421941
2012-11-13T10:30-0800,502.6751055
2012-11-13T10:45-0800,516.7932489
2012-11-13T11:00-0800,529.3839662
2012-11-13T11:15-0800,544.1862568
2012-11-13T11:30-0800,549.8575949
2012-11-13T11:45-0800,539.5189873
2012-11-13T12:00-0800,551.2206148
2012-11-13T12:15-0800,547.0174051
2012-11-13T12:30-0800,549.7637131
2012-11-13T12:45-0800,530.1772152
2012-11-13T13:00-0800,507.9240506
2012-11-13T13:15-0800,478.1012658
2012-11-13T13:30-0800,464.2246835
2012-11-13T13:45-0800,424.9451477
2012-11-13T14:00-0800,400.7763713
2012-11-13T14:15-0800,343.6455696
2012-11-13T14:30-0800,322.4556962
2012-11-13T14:45-0800,303.021097
2012-11-13T15:00-0800,272.0590717
2012-11-13T15:15-0800,233.5864979
2012-11-13T15:30-0800,190.6919831
2012-11-13T15:45-0800,157.1476793
2012-11-13T16:00-0800,118.6666667
2012-11-13T16:15-0800,72.87763713
2012-11-13T16:30-0800,33.83122363
2012-11-13T16:45-0800,8.23628692
2012-11-13T17:00-0800,3.037974684
2012-11-13T17:15-0800,0.052742616
2012-11-13T17:30-0800,-0.036166365
2012-11-13T17:45-0800,-0.05907173
2012-11-13T18:00-0800,-0.084388186
2012-11-13T18:15-0800,-0.05842259
2012-11-13T18:30-0800,-0.075949367
2012-11-13T18:45-0800,-0.067510549
2012-11-13T19:00-0800,-0.050632911
2012-11-13T19:15-0800,-0.042194093
2012-11-13T19:30-0800,-0.05907173
2012-11-13T19:45-0800,-0.016877637
2012-11-13T20:00-0800,-0.033755274
2012-11-13T20:15-0800,-0.05907173
2012-11-13T20:30-0800,-0.025316456
2012-11-13T20:45-0800,-0.016877637
2012-11-13T21:00-0800,-0.016877637
2012-11-13T21:15-0800,-0.033755274
2012-11-13T21:30-0800,-0.008438819
2012-11-13T21:45-0800,-0.027124774
2012-11-13T22:00-0800,-0.008438819
2012-11-13T22:15-0800,-0.025316456
2012-11-13T22:30-0800,-0.016877637
2012-11-13T22:45-0800,-0.033755274
2012-11-13T23:00-0800,-0.027124774
2012-11-13T23:15-0800,-0.033755274
2012-11-13T23:30-0800,-0.016877637
2012-11-13T23:45-0800,-0.025316456
2012-11-14T00:00-0800,-0.008438819
2012-11-14T00:15-0800,-0.025316456
2012-11-14T00:30-0800,-0.033755274
2012-11-14T00:45-0800,-0.016877637
2012-11-14T01:00-0800,-0.027124774
2012-11-14T01:15-0800,-0.016877637
2012-11-14T01:30-0800,-0.025316456
2012-11-14T01:45-0800,-0.016877637
2012-11-14T02:00-0800,-0.036166365
2012-11-14T02:15-0800,--
2012-11-14T02:30-0800,-0.008438819
2012-11-14T02:45-0800,-0.025316456
2012-11-14T03:00-0800,-0.008438819
2012-11-14T03:15-0800,--
2012-11-14T03:30-0800,-0.016877637
2012-11-14T03:45-0800,-0.016877637
2012-11-14T04:00-0800,-0.016877637
2012-11-14T04:15-0800,-0.008438819
2012-11-14T04:30-0800,-0.008438819
2012-11-14T04:45-0800,-0.025316456
2012-11-14T05:00-0800,-0.008438819
2012-11-14T05:15-0800,--
2012-11-14T05:30-0800,--
2012-11-14T05:45-0800,-0.016877637
2012-11-14T06:00-0800,--
2012-11-14T06:15-0800,0.075949367
2012-11-14T06:30-0800,1.569620253
2012-11-14T06:45-0800,5.358649789
2012-11-14T07:00-0800,19.56118143
2012-11-14T07:15-0800,37.09704641
2012-11-14T07:30-0800,41.07172996
2012-11-14T07:45-0800,92.01687764
2012-11-14T08:00-0800,261.5527426
2012-11-14T08:15-0800,344.0675105
2012-11-14T08:30-0800,174.5479204
2012-11-14T08:45-0800,269.0801688
2012-11-14T09:00-0800,361.021097
2012-11-14T09:15-0800,415.4514768
2012-11-14T09:30-0800,271.443038
2012-11-14T09:45-0800,346.134372
2012-11-14T10:00-0800,197.2405063
2012-11-14T10:15-0800,242.3291139
2012-11-14T10:30-0800,445.7299578
2012-11-14T10:45-0800,257.7299578
2012-11-14T11:00-0800,204.757384
2012-11-14T11:15-0800,237.3164557
2012-11-14T11:30-0800,328.2109705
2012-11-14T11:45-0800,246.2025316
2012-11-14T12:00-0800,405.5527426
2012-11-14T12:15-0800,318.9113924
2012-11-14T12:30-0800,586.1012658
2012-11-14T12:45-0800,510.4556962
2012-11-14T13:00-0800,494.6835443
2012-11-14T13:15-0800,475.6793249
2012-11-14T13:30-0800,456.8016878
2012-11-14T13:45-0800,432.835443
2012-11-14T14:00-0800,404.3966245
2012-11-14T14:15-0800,371.1898734
2012-11-14T14:30-0800,336.9367089
2012-11-14T14:45-0800,300.6329114
2012-11-14T15:00-0800,262.7594937
2012-11-14T15:15-0800,223.4086799
2012-11-14T15:30-0800,185.5949367
2012-11-14T15:45-0800,147.7637131
2012-11-14T16:00-0800,109.7299578
2012-11-14T16:15-0800,56.46413502
2012-11-14T16:30-0800,16.3628692
2012-11-14T16:45-0800,6.008438819
2012-11-14T17:00-0800,1.578059072
2012-11-14T17:15-0800,0.033755274
2012-11-14T17:30-0800,-0.075949367
2012-11-14T17:45-0800,-0.109704641
2012-11-14T18:00-0800,-0.05907173
2012-11-14T18:15-0800,-0.050632911
2012-11-14T18:30-0800,-0.092827004
2012-11-14T18:45-0800,-0.067510549
2012-11-14T19:00-0800,-0.068159688
2012-11-14T19:15-0800,-0.050632911
2012-11-14T19:30-0800,-0.050632911
2012-11-14T19:45-0800,-0.075949367
2012-11-14T20:00-0800,-0.042194093
2012-11-14T20:15-0800,-0.050632911
2012-11-14T20:30-0800,-0.050632911
2012-11-14T20:45-0800,-0.075949367
2012-11-14T21:00-0800,-0.008438819
2012-11-14T21:15-0800,-0.042194093
2012-11-14T21:30-0800,-0.05907173
2012-11-14T21:45-0800,-0.016877637
2012-11-14T22:00-0800,-0.042194093
2012-11-14T22:15-0800,-0.016877637
2012-11-14T22:30-0800,--
2012-11-14T22:45-0800,-0.025316456
2012-11-14T23:00-0800,-0.050632911
2012-11-14T23:15-0800,-0.042194093
2012-11-14T23:30-0800,-0.067510549
2012-11-14T23:45-0800,-0.050632911
2012-11-15T00:00-0800,-0.025316456
2012-11-15T00:15-0800,-0.042194093
2012-11-15T00:30-0800,-0.016877637
2012-11-15T00:45-0800,-0.029211295
2012-11-15T01:00-0800,-0.016877637
2012-11-15T01:15-0800,-0.008438819
2012-11-15T01:30-0800,-0.008438819
2012-11-15T01:45-0800,-0.019474197
2012-11-15T02:00-0800,-0.016877637
2012-11-15T02:15-0800,-0.008438819
2012-11-15T02:30-0800,-0.033755274
2012-11-15T02:45-0800,-0.008438819
2012-11-15T03:00-0800,-0.008438819
2012-11-15T03:15-0800,--
2012-11-15T03:30-0800,--
2012-11-15T03:45-0800,-0.008438819
2012-11-15T04:00-0800,-0.016877637
2012-11-15T04:15-0800,--
2012-11-15T04:30-0800,-0.016877637
2012-11-15T04:45-0800,-0.025316456
2012-11-15T05:00-0800,-0.033755274
2012-11-15T05:15-0800,-0.008438819
2012-11-15T05:30-0800,-0.016877637
2012-11-15T05:45-0800,-0.016877637
2012-11-15T06:00-0800,-0.016877637
2012-11-15T06:15-0800,0.008438819
2012-11-15T06:30-0800,1.021097046
2012-11-15T06:45-0800,5.561181435
2012-11-15T07:00-0800,18.44725738
2012-11-15T07:15-0800,35.62025316
2012-11-15T07:30-0800,58.20253165
2012-11-15T07:45-0800,131.1139241
2012-11-15T08:00-0800,233.6202532
2012-11-15T08:15-0800,258.9029536
2012-11-15T08:30-0800,273.4936709
2012-11-15T08:45-0800,270.0253165
2012-11-15T09:00-0800,221.8227848
2012-11-15T09:15-0800,153.9240506
2012-11-15T09:30-0800,271.5021097
2012-11-15T09:45-0800,484.5485232
2012-11-15T10:00-0800,430.2616034
2012-11-15T10:15-0800,210.371308
2012-11-15T10:30-0800,207.7805907
2012-11-15T10:45-0800,223.7974684
2012-11-15T11:00-0800,492.6582278
2012-11-15T11:15-0800,589.0632911
2012-11-15T11:30-0800,595.2995781
2012-11-15T11:45-0800,380.4978903
2012-11-15T12:00-0800,314.0867993
2012-11-15T12:15-0800,621.3924051
2012-11-15T12:30-0800,516.7932489
2012-11-15T12:45-0800,376.1687764
2012-11-15T13:00-0800,351.9324895
2012-11-15T13:15-0800,484.6919831
2012-11-15T13:30-0800,248.1181435
2012-11-15T13:45-0800,191.1392405
2012-11-15T14:00-0800,313.4345992
2012-11-15T14:15-0800,310.5258033
2012-11-15T14:30-0800,279.4767932
2012-11-15T14:45-0800,213.6793249
2012-11-15T15:00-0800,189.7046414
2012-11-15T15:15-0800,142.278481
2012-11-15T15:30-0800,108.8523207
2012-11-15T15:45-0800,96.54008439
2012-11-15T16:00-0800,47.74683544
2012-11-15T16:15-0800,27.85654008
2012-11-15T16:30-0800,12.31223629
2012-11-15T16:45-0800,3.637130802
2012-11-15T17:00-0800,0.798442064
2012-11-15T17:15-0800,-0.042194093
2012-11-15T17:30-0800,-0.050632911
2012-11-15T17:45-0800,-0.084388186
2012-11-15T18:00-0800,-0.050632911
2012-11-15T18:15-0800,-0.067510549
2012-11-15T18:30-0800,-0.052742616
2012-11-15T18:45-0800,-0.081374322
2012-11-15T19:00-0800,-0.075949367
2012-11-15T19:15-0800,-0.05907173
2012-11-15T19:30-0800,-0.050632911
2012-11-15T19:45-0800,-0.050632911
2012-11-15T20:00-0800,-0.047468354
2012-11-15T20:15-0800,-0.072332731
2012-11-15T20:30-0800,-0.055379747
2012-11-15T20:45-0800,-0.101265823
2012-11-15T21:00-0800,-0.050632911
2012-11-15T21:15-0800,-0.090415913
2012-11-15T21:30-0800,-0.075949367
2012-11-15T21:45-0800,-0.055379747
2012-11-15T22:00-0800,-0.045207957
2012-11-15T22:15-0800,-0.033755274
2012-11-15T22:30-0800,-0.03164557
2012-11-15T22:45-0800,-0.045207957
2012-11-15T23:00-0800,-0.045207957
2012-11-15T23:15-0800,-0.027124774
2012-11-15T23:30-0800,-0.055379747
2012-11-15T23:45-0800,-0.075949367
2012-11-16T00:00-0800,-0.063291139
2012-11-16T00:15-0800,-0.039556962
2012-11-16T00:30-0800,-0.016877637
2012-11-16T00:45-0800,-0.018083183
2012-11-16T01:00-0800,-0.023734177
2012-11-16T01:15-0800,-0.025316456
2012-11-16T01:30-0800,-0.033755274
2012-11-16T01:45-0800,-0.042194093
2012-11-16T02:00-0800,-0.016877637
2012-11-16T02:15-0800,-0.016877637
2012-11-16T02:30-0800,-0.016877637
2012-11-16T02:45-0800,-0.042194093
2012-11-16T03:00-0800,-0.042194093
2012-11-16T03:15-0800,-0.025316456
2012-11-16T03:30-0800,-0.033755274
2012-11-16T03:45-0800,-0.029211295
2012-11-16T04:00-0800,-0.025316456
2012-11-16T04:15-0800,-0.008438819
2012-11-16T04:30-0800,-0.008438819
2012-11-16T04:45-0800,-0.033755274
2012-11-16T05:00-0800,-0.033755274
2012-11-16T05:15-0800,-0.025316456
2012-11-16T05:30-0800,-0.025316456
2012-11-16T05:45-0800,-0.054249548
2012-11-16T06:00-0800,-0.067510549
2012-11-16T06:15-0800,-0.008438819
2012-11-16T06:30-0800,0.075949367
2012-11-16T06:45-0800,1.156118143
2012-11-16T07:00-0800,2.818565401
2012-11-16T07:15-0800,5.898734177
2012-11-16T07:30-0800,24.04219409
2012-11-16T07:45-0800,51.56962025
2012-11-16T08:00-0800,86.75105485
2012-11-16T08:15-0800,72.50632911
2012-11-16T08:30-0800,51.13019892
2012-11-16T08:45-0800,109.1729958
2012-11-16T09:00-0800,116.8523207
2012-11-16T09:15-0800,134.6329114
2012-11-16T09:30-0800,163.4008439
2012-11-16T09:45-0800,261.721519
2012-11-16T10:00-0800,231.7468354
2012-11-16T10:15-0800,278.0084388
2012-11-16T10:30-0800,294.6413502
2012-11-16T10:45-0800,487.3333333
2012-11-16T11:00-0800,496.4725738
2012-11-16T11:15-0800,145.7552743
2012-11-16T11:30-0800,86.61603376
2012-11-16T11:45-0800,174.4894515
2012-11-16T12:00-0800,137.1476793
2012-11-16T12:15-0800,105.7974684
2012-11-16T12:30-0800,95.12236287
2012-11-16T12:45-0800,81.72995781
2012-11-16T13:00-0800,90.30379747
2012-11-16T13:15-0800,55.34177215
2012-11-16T13:30-0800,46.20253165
2012-11-16T13:45-0800,69.29957806
2012-11-16T14:00-0800,129.2405063
2012-11-16T14:15-0800,131.1054852
2012-11-16T14:30-0800,83.29957806
2012-11-16T14:45-0800,75.07172996
2012-11-16T15:00-0800,65.83122363
2012-11-16T15:15-0800,59.35864979
2012-11-16T15:30-0800,85.38396624
2012-11-16T15:45-0800,104.7932489
2012-11-16T16:00-0800,38.12658228
2012-11-16T16:15-0800,32.41350211
2012-11-16T16:30-0800,9.223628692
2012-11-16T16:45-0800,3.746835443
2012-11-16T17:00-0800,0.734177215
2012-11-16T17:15-0800,0.016877637
2012-11-16T17:30-0800,-0.05907173
2012-11-16T17:45-0800,-0.075949367
2012-11-16T18:00-0800,-0.05907173
2012-11-16T18:15-0800,-0.033755274
2012-11-16T18:30-0800,-0.067510549
2012-11-16T18:45-0800,-0.050632911
2012-11-16T19:00-0800,-0.067510549
2012-11-16T19:15-0800,-0.084388186
2012-11-16T19:30-0800,-0.067510549
2012-11-16T19:45-0800,-0.05907173
2012-11-16T20:00-0800,-0.084388186
2012-11-16T20:15-0800,-0.067510549
2012-11-16T20:30-0800,-0.05907173
2012-11-16T20:45-0800,-0.042194093
2012-11-16T21:00-0800,-0.050632911
2012-11-16T21:15-0800,-0.042194093
2012-11-16T21:30-0800,-0.05907173
2012-11-16T21:45-0800,-0.075949367
2012-11-16T22:00-0800,-0.075949367
2012-11-16T22:15-0800,-0.050632911
2012-11-16T22:30-0800,-0.067510549
2012-11-16T22:45-0800,-0.042194093
2012-11-16T23:00-0800,-0.05907173
2012-11-16T23:15-0800,-0.05907173
2012-11-16T23:30-0800,-0.05907173
2012-11-16T23:45-0800,-0.067510549
2012-11-17T00:00-0800,-0.05907173
2012-11-17T00:15-0800,-0.075949367
2012-11-17T00:30-0800,-0.033755274
2012-11-17T00:45-0800,-0.075949367
2012-11-17T01:00-0800,-0.016877637
2012-11-17T01:15-0800,-0.042194093
2012-11-17T01:30-0800,-0.067510549
2012-11-17T01:45-0800,-0.05907173
2012-11-17T02:00-0800,-0.008438819
2012-11-17T02:15-0800,-0.033755274
2012-11-17T02:30-0800,-0.042194093
2012-11-17T02:45-0800,-0.042194093
2012-11-17T03:00-0800,-0.067510549
2012-11-17T03:15-0800,-0.050632911
2012-11-17T03:30-0800,-0.067510549
2012-11-17T03:45-0800,-0.016877637
2012-11-17T04:00-0800,-0.025316456
2012-11-17T04:15-0800,-0.05907173
2012-11-17T04:30-0800,-0.084388186
2012-11-17T04:45-0800,-0.042194093
2012-11-17T05:00-0800,-0.025316456
2012-11-17T05:15-0800,-0.025316456
2012-11-17T05:30-0800,-0.016877637
2012-11-17T05:45-0800,-0.05907173
2012-11-17T06:00-0800,-0.042194093
2012-11-17T06:15-0800,-0.008438819
2012-11-17T06:30-0800,0.337552743
2012-11-17T06:45-0800,3.670886076
2012-11-17T07:00-0800,15.99156118
2012-11-17T07:15-0800,27.03797468
2012-11-17T07:30-0800,42.76793249
2012-11-17T07:45-0800,71.56118143
2012-11-17T08:00-0800,148.9873418
2012-11-17T08:15-0800,150.2869198
2012-11-17T08:30-0800,107.1392405
2012-11-17T08:45-0800,182.6666667
2012-11-17T09:00-0800,202.3291139
2012-11-17T09:15-0800,182.4725738
2012-11-17T09:30-0800,153.021097
2012-11-17T09:45-0800,205.8396624
2012-11-17T10:00-0800,171.3755274
2012-11-17T10:15-0800,193.2995781
2012-11-17T10:30-0800,197.443038
2012-11-17T10:45-0800,182.8860759
2012-11-17T11:00-0800,149.3670886
2012-11-17T11:15-0800,137.3839662
2012-11-17T11:30-0800,163.3080169
2012-11-17T11:45-0800,113.8396624
2012-11-17T12:00-0800,91.01265823
2012-11-17T12:15-0800,100.835443
2012-11-17T12:30-0800,103.8312236
2012-11-17T12:45-0800,104.1687764
2012-11-17T13:00-0800,144.1350211
2012-11-17T13:15-0800,159.5696203
2012-11-17T13:30-0800,158.7004219
2012-11-17T13:45-0800,134.9535865
2012-11-17T14:00-0800,247.8987342
2012-11-17T14:15-0800,343.0042194
2012-11-17T14:30-0800,143.7383966
2012-11-17T14:45-0800,187.6793249
2012-11-17T15:00-0800,159.3755274
2012-11-17T15:15-0800,233.3080169
2012-11-17T15:30-0800,194.1772152
2012-11-17T15:45-0800,147.7299578
2012-11-17T16:00-0800,107.8481013
2012-11-17T16:15-0800,57.54068716
2012-11-17T16:30-0800,12.66666667
2012-11-17T16:45-0800,5.130801688
2012-11-17T17:00-0800,0.987341772
2012-11-17T17:15-0800,-0.016877637
2012-11-17T17:30-0800,-0.05907173
2012-11-17T17:45-0800,-0.05907173
2012-11-17T18:00-0800,-0.084388186
2012-11-17T18:15-0800,-0.067510549
2012-11-17T18:30-0800,-0.087633885
2012-11-17T18:45-0800,-0.033755274
2012-11-17T19:00-0800,-0.050632911
2012-11-17T19:15-0800,-0.067510549
2012-11-17T19:30-0800,-0.084388186
2012-11-17T19:45-0800,-0.067510549
2012-11-17T20:00-0800,-0.05907173
2012-11-17T20:15-0800,-0.042194093
2012-11-17T20:30-0800,-0.05907173
2012-11-17T20:45-0800,-0.05907173
2012-11-17T21:00-0800,-0.050632911
2012-11-17T21:15-0800,-0.050632911
2012-11-17T21:30-0800,-0.050632911
2012-11-17T21:45-0800,-0.067510549
2012-11-17T22:00-0800,-0.033755274
2012-11-17T22:15-0800,-0.033755274
2012-11-17T22:30-0800,-0.042194093
2012-11-17T22:45-0800,-0.075949367
2012-11-17T23:00-0800,-0.050632911
2012-11-17T23:15-0800,-0.050632911
2012-11-17T23:30-0800,-0.067510549
2012-11-17T23:45-0800,-0.067510549
2012-11-18T00:00-0800,-0.050632911
2012-11-18T00:15-0800,-0.033755274
2012-11-18T00:30-0800,-0.050632911
2012-11-18T00:45-0800,-0.042194093
2012-11-18T01:00-0800,-0.033755274
2012-11-18T01:15-0800,-0.025316456
2012-11-18T01:30-0800,-0.042194093
2012-11-18T01:45-0800,-0.042194093
2012-11-18T02:00-0800,-0.050632911
2012-11-18T02:15-0800,-0.033755274
2012-11-18T02:30-0800,-0.05907173
2012-11-18T02:45-0800,-0.016877637
2012-11-18T03:00-0800,-0.033755274
2012-11-18T03:15-0800,-0.008438819
2012-11-18T03:30-0800,-0.033755274
2012-11-18T03:45-0800,-0.025316456
2012-11-18T04:00-0800,-0.016877637
2012-11-18T04:15-0800,-0.05907173
2012-11-18T04:30-0800,-0.033755274
2012-11-18T04:45-0800,-0.016877637
2012-11-18T05:00-0800,-0.016877637
2012-11-18T05:15-0800,-0.016877637
2012-11-18T05:30-0800,-0.018083183
2012-11-18T05:45-0800,-0.009737098
2012-11-18T06:00-0800,-0.016877637
2012-11-18T06:15-0800,0.025316456
2012-11-18T06:30-0800,0.85443038
2012-11-18T06:45-0800,5.081374322
2012-11-18T07:00-0800,20.64873418
2012-11-18T07:15-0800,70.58770344
2012-11-18T07:30-0800,121.0970464
2012-11-18T07:45-0800,138.8523207
2012-11-18T08:00-0800,149.164557
2012-11-18T08:15-0800,217.6793249
2012-11-18T08:30-0800,247.021097
2012-11-18T08:45-0800,303.9636076
2012-11-18T09:00-0800,292.7938517
2012-11-18T09:15-0800,361.2236287
2012-11-18T09:30-0800,391.7890295
2012-11-18T09:45-0800,416.4894515
2012-11-18T10:00-0800,427.6661392
2012-11-18T10:15-0800,481.5732369
2012-11-18T10:30-0800,509.4066456
2012-11-18T10:45-0800,395.0813743
2012-11-18T11:00-0800,421.7468354
2012-11-18T11:15-0800,412.9620253
2012-11-18T11:30-0800,118.7088608
2012-11-18T11:45-0800,313.5996835
2012-11-18T12:00-0800,405.1808318
2012-11-18T12:15-0800,558.8016878
2012-11-18T12:30-0800,540.2109705
2012-11-18T12:45-0800,510
2012-11-18T13:00-0800,479.3333333
2012-11-18T13:15-0800,464.5660036
2012-11-18T13:30-0800,402.8718354
2012-11-18T13:45-0800,243.3417722
2012-11-18T14:00-0800,381.5780591
2012-11-18T14:15-0800,322.9113924
2012-11-18T14:30-0800,240.4159132
2012-11-18T14:45-0800,237.2231013
2012-11-18T15:00-0800,200.1772152
2012-11-18T15:15-0800,144.9535865
2012-11-18T15:30-0800,163.2007233
2012-11-18T15:45-0800,115.0237342
2012-11-18T16:00-0800,54.31223629
2012-11-18T16:15-0800,30.51476793
2012-11-18T16:30-0800,14.08438819
2012-11-18T16:45-0800,3.113924051
2012-11-18T17:00-0800,0.396624473
2012-11-18T17:15-0800,-0.025316456
2012-11-18T17:30-0800,-0.050632911
2012-11-18T17:45-0800,-0.075949367
2012-11-18T18:00-0800,-0.042194093
2012-11-18T18:15-0800,-0.033755274
2012-11-18T18:30-0800,-0.05907173
2012-11-18T18:45-0800,-0.050632911
2012-11-18T19:00-0800,-0.050632911
2012-11-18T19:15-0800,-0.072332731
2012-11-18T19:30-0800,-0.067510549
2012-11-18T19:45-0800,-0.075949367
2012-11-18T20:00-0800,-0.050632911
2012-11-18T20:15-0800,-0.042194093
2012-11-18T20:30-0800,-0.050632911
2012-11-18T20:45-0800,-0.016877637
2012-11-18T21:00-0800,-0.050632911
2012-11-18T21:15-0800,-0.025316456
2012-11-18T21:30-0800,-0.042194093
2012-11-18T21:45-0800,-0.025316456
2012-11-18T22:00-0800,-0.038948393
2012-11-18T22:15-0800,-0.042194093
2012-11-18T22:30-0800,-0.033755274
2012-11-18T22:45-0800,-0.063291139
2012-11-18T23:00-0800,-0.042194093
2012-11-18T23:15-0800,-0.025316456
2012-11-18T23:30-0800,-0.033755274
2012-11-18T23:45-0800,-0.042194093
2012-11-19T00:00-0800,-0.045207957
2012-11-19T00:15-0800,-0.042194093
2012-11-19T00:30-0800,-0.050632911
2012-11-19T00:45-0800,-0.05907173
2012-11-19T01:00-0800,-0.042194093
2012-11-19T01:15-0800,-0.042194093
2012-11-19T01:30-0800,-0.042194093
2012-11-19T01:45-0800,-0.033755274
2012-11-19T02:00-0800,-0.050632911
2012-11-19T02:15-0800,-0.033755274
2012-11-19T02:30-0800,-0.050632911
2012-11-19T02:45-0800,-0.025316456
2012-11-19T03:00-0800,-0.033755274
2012-11-19T03:15-0800,-0.050632911
2012-11-19T03:30-0800,-0.016877637
2012-11-19T03:45-0800,-0.025316456
2012-11-19T04:00-0800,-0.025316456
2012-11-19T04:15-0800,-0.019474197
2012-11-19T04:30-0800,-0.033755274
2012-11-19T04:45-0800,-0.008438819
2012-11-19T05:00-0800,-0.050632911
2012-11-19T05:15-0800,-0.050632911
2012-11-19T05:30-0800,-0.025316456
2012-11-19T05:45-0800,-0.050632911
2012-11-19T06:00-0800,-0.042194093
2012-11-19T06:15-0800,0.016877637
2012-11-19T06:30-0800,1.147679325
2012-11-19T06:45-0800,6.11814346
2012-11-19T07:00-0800,27.71308017
2012-11-19T07:15-0800,57.44303797
2012-11-19T07:30-0800,91.95780591
2012-11-19T07:45-0800,137.5611814
2012-11-19T08:00-0800,172.2531646
2012-11-19T08:15-0800,211.6371308
2012-11-19T08:30-0800,245.6793249
2012-11-19T08:45-0800,244.3206751
2012-11-19T09:00-0800,288.1097046
2012-11-19T09:15-0800,306.9957806
2012-11-19T09:30-0800,307.2067511
2012-11-19T09:45-0800,303.535865
2012-11-19T10:00-0800,425.6202532
2012-11-19T10:15-0800,359.3586498
2012-11-19T10:30-0800,412.4367089
2012-11-19T10:45-0800,418.9511754
2012-11-19T11:00-0800,394.7510549
2012-11-19T11:15-0800,412.9873418
2012-11-19T11:30-0800,416.1518987
2012-11-19T11:45-0800,413.9409283
2012-11-19T12:00-0800,410.1012658
2012-11-19T12:15-0800,394.8776371
2012-11-19T12:30-0800,445.2827004
2012-11-19T12:45-0800,472.4303797
2012-11-19T13:00-0800,468.371308
2012-11-19T13:15-0800,469.7299578
2012-11-19T13:30-0800,512.3037975
2012-11-19T13:45-0800,498.6413502
2012-11-19T14:00-0800,397.3755274
2012-11-19T14:15-0800,317.5858951
2012-11-19T14:30-0800,271.0940325
2012-11-19T14:45-0800,240.8860759
2012-11-19T15:00-0800,228.3966245
2012-11-19T15:15-0800,197.8818565
2012-11-19T15:30-0800,170.1603376
2012-11-19T15:45-0800,144.9074976
2012-11-19T16:00-0800,110.1168452
2012-11-19T16:15-0800,79.22362869
2012-11-19T16:30-0800,25.8649789
2012-11-19T16:45-0800,5.738396624
2012-11-19T17:00-0800,0.717299578
2012-11-19T17:15-0800,--
2012-11-19T17:30-0800,-0.075949367
2012-11-19T17:45-0800,-0.067510549
2012-11-19T18:00-0800,-0.05907173
2012-11-19T18:15-0800,-0.075949367
2012-11-19T18:30-0800,-0.067510549
2012-11-19T18:45-0800,-0.075949367
2012-11-19T19:00-0800,-0.042194093
2012-11-19T19:15-0800,-0.036166365
2012-11-19T19:30-0800,-0.047468354
2012-11-19T19:45-0800,-0.025316456
2012-11-19T20:00-0800,-0.033755274
2012-11-19T20:15-0800,-0.008438819
2012-11-19T20:30-0800,-0.016877637
2012-11-19T20:45-0800,-0.033755274
2012-11-19T21:00-0800,-0.042194093
2012-11-19T21:15-0800,-0.016877637
2012-11-19T21:30-0800,-0.016877637
2012-11-19T21:45-0800,-0.042194093
2012-11-19T22:00-0800,-0.075949367
2012-11-19T22:15-0800,-0.033755274
2012-11-19T22:30-0800,-0.025316456
2012-11-19T22:45-0800,-0.050632911
2012-11-19T23:00-0800,-0.033755274
2012-11-19T23:15-0800,-0.025316456
2012-11-19T23:30-0800,--
2012-11-19T23:45-0800,-0.025316456
2012-11-20T00:00-0800,-0.05907173
2012-11-20T00:15-0800,-0.025316456
2012-11-20T00:30-0800,-0.027124774
2012-11-20T00:45-0800,-0.016877637
2012-11-20T01:00-0800,-0.016877637
2012-11-20T01:15-0800,-0.009737098
2012-11-20T01:30-0800,-0.025316456
2012-11-20T01:45-0800,-0.050632911
2012-11-20T02:00-0800,-0.016877637
2012-11-20T02:15-0800,-0.033755274
2012-11-20T02:30-0800,-0.033755274
2012-11-20T02:45-0800,-0.025316456
2012-11-20T03:00-0800,-0.050632911
2012-11-20T03:15-0800,-0.016877637
2012-11-20T03:30-0800,-0.042194093
2012-11-20T03:45-0800,-0.008438819
2012-11-20T04:00-0800,-0.016877637
2012-11-20T04:15-0800,-0.050632911
2012-11-20T04:30-0800,-0.016877637
2012-11-20T04:45-0800,-0.042194093
2012-11-20T05:00-0800,-0.033755274
2012-11-20T05:15-0800,-0.033755274
2012-11-20T05:30-0800,-0.050632911
2012-11-20T05:45-0800,-0.048685492
2012-11-20T06:00-0800,-0.025316456
2012-11-20T06:15-0800,-0.05907173
2012-11-20T06:30-0800,0.168776371
2012-11-20T06:45-0800,1.476793249
2012-11-20T07:00-0800,6.185654008
2012-11-20T07:15-0800,21.89873418
2012-11-20T07:30-0800,44.52320675
2012-11-20T07:45-0800,29.78902954
2012-11-20T08:00-0800,42.00843882
2012-11-20T08:15-0800,72.5907173
2012-11-20T08:30-0800,83.64556962
2012-11-20T08:45-0800,99.84420643
2012-11-20T09:00-0800,186.8185654
2012-11-20T09:15-0800,278.6835443
2012-11-20T09:30-0800,156.556962
2012-11-20T09:45-0800,187.7805907
2012-11-20T10:00-0800,171.9831224
2012-11-20T10:15-0800,322.6751055
2012-11-20T10:30-0800,208.1518987
2012-11-20T10:45-0800,270.6835443
2012-11-20T11:00-0800,238.4894515
2012-11-20T11:15-0800,161.1814346
2012-11-20T11:30-0800,150.0168776
2012-11-20T11:45-0800,236.5738397
2012-11-20T12:00-0800,223.1308017
2012-11-20T12:15-0800,196.4894515
2012-11-20T12:30-0800,201.1561181
2012-11-20T12:45-0800,259.1898734
2012-11-20T13:00-0800,174.5232068
2012-11-20T13:15-0800,129.0970464
2012-11-20T13:30-0800,151.257384
2012-11-20T13:45-0800,86.11814346
2012-11-20T14:00-0800,73.71308017
2012-11-20T14:15-0800,139.8396624
2012-11-20T14:30-0800,86.18565401
2012-11-20T14:45-0800,51.92405063
2012-11-20T15:00-0800,51.89873418
2012-11-20T15:15-0800,48.4978903
2012-11-20T15:30-0800,28.83544304
2012-11-20T15:45-0800,12.28691983
2012-11-20T16:00-0800,16.52320675
2012-11-20T16:15-0800,13.2742616
2012-11-20T16:30-0800,3.215189873
2012-11-20T16:45-0800,1.215189873
2012-11-20T17:00-0800,0.227848101
2012-11-20T17:15-0800,-0.05907173
2012-11-20T17:30-0800,-0.016877637
2012-11-20T17:45-0800,-0.067510549
2012-11-20T18:00-0800,-0.109704641
2012-11-20T18:15-0800,-0.084388186
2012-11-20T18:30-0800,-0.084388186
2012-11-20T18:45-0800,-0.042194093
2012-11-20T19:00-0800,-0.05907173
2012-11-20T19:15-0800,-0.050632911
2012-11-20T19:30-0800,-0.084388186
2012-11-20T19:45-0800,-0.075949367
2012-11-20T20:00-0800,-0.067510549
2012-11-20T20:15-0800,-0.075949367
2012-11-20T20:30-0800,-0.067510549
2012-11-20T20:45-0800,-0.075949367
2012-11-20T21:00-0800,-0.042194093
2012-11-20T21:15-0800,-0.050632911
2012-11-20T21:30-0800,-0.075949367
2012-11-20T21:45-0800,-0.067510549
2012-11-20T22:00-0800,-0.075949367
2012-11-20T22:15-0800,-0.05907173
2012-11-20T22:30-0800,-0.075949367
2012-11-20T22:45-0800,-0.047468354
2012-11-20T23:00-0800,-0.072332731
2012-11-20T23:15-0800,-0.067510549
2012-11-20T23:30-0800,-0.084388186
2012-11-20T23:45-0800,-0.055379747
2012-11-21T00:00-0800,-0.045207957
2012-11-21T00:15-0800,-0.067510549
2012-11-21T00:30-0800,-0.094936709
2012-11-21T00:45-0800,-0.067510549
2012-11-21T01:00-0800,-0.081374322
2012-11-21T01:15-0800,-0.087025316
2012-11-21T01:30-0800,-0.045207957
2012-11-21T01:45-0800,-0.075949367
2012-11-21T02:00-0800,-0.084388186
2012-11-21T02:15-0800,-0.079113924
2012-11-21T02:30-0800,-0.072332731
2012-11-21T02:45-0800,-0.084388186
2012-11-21T03:00-0800,-0.063291139
2012-11-21T03:15-0800,-0.05907173
2012-11-21T03:30-0800,-0.075949367
2012-11-21T03:45-0800,-0.084388186
2012-11-21T04:00-0800,-0.054249548
2012-11-21T04:15-0800,-0.047468354
2012-11-21T04:30-0800,-0.033755274
2012-11-21T04:45-0800,-0.067510549
2012-11-21T05:00-0800,-0.042194093
2012-11-21T05:15-0800,-0.081374322
2012-11-21T05:30-0800,-0.05907173
2012-11-21T05:45-0800,-0.063291139
2012-11-21T06:00-0800,-0.075949367
2012-11-21T06:15-0800,-0.054249548
2012-11-21T06:30-0800,0.118670886
2012-11-21T06:45-0800,0.742616034
2012-11-21T07:00-0800,4.109704641
2012-11-21T07:15-0800,5.139240506
2012-11-21T07:30-0800,13.67088608
2012-11-21T07:45-0800,14.10970464
2012-11-21T08:00-0800,18.19409283
2012-11-21T08:15-0800,41.67932489
2012-11-21T08:30-0800,75.29113924
2012-11-21T08:45-0800,70.85895118
2012-11-21T09:00-0800,132.6424051
2012-11-21T09:15-0800,103.3164557
2012-11-21T09:30-0800,103.6624473
2012-11-21T09:45-0800,123.5864979
2012-11-21T10:00-0800,261.4261603
2012-11-21T10:15-0800,147.721519
2012-11-21T10:30-0800,437.8227848
2012-11-21T10:45-0800,287.7721519
2012-11-21T11:00-0800,555.0295359
2012-11-21T11:15-0800,537.257384
2012-11-21T11:30-0800,399.8442064
2012-11-21T11:45-0800,138.9113924
2012-11-21T12:00-0800,167.8481013
2012-11-21T12:15-0800,95.29957806
2012-11-21T12:30-0800,233.9746835
2012-11-21T12:45-0800,279.3839662
2012-11-21T13:00-0800,178.3291139
2012-11-21T13:15-0800,83.97468354
2012-11-21T13:30-0800,152.6666667
2012-11-21T13:45-0800,246.2278481
2012-11-21T14:00-0800,130.2278481
2012-11-21T14:15-0800,124.7341772
2012-11-21T14:30-0800,111.3839662
2012-11-21T14:45-0800,99.20675105
2012-11-21T15:00-0800,129.9240506
2012-11-21T15:15-0800,98.17721519
2012-11-21T15:30-0800,52.65822785
2012-11-21T15:45-0800,41.53586498
2012-11-21T16:00-0800,25.40084388
2012-11-21T16:15-0800,16.92827004
2012-11-21T16:30-0800,9.485232068
2012-11-21T16:45-0800,3.70464135
2012-11-21T17:00-0800,0.717299578
2012-11-21T17:15-0800,0.016877637
2012-11-21T17:30-0800,-0.05907173
2012-11-21T17:45-0800,-0.042194093
2012-11-21T18:00-0800,-0.050632911
2012-11-21T18:15-0800,-0.075949367
2012-11-21T18:30-0800,-0.050632911
2012-11-21T18:45-0800,-0.075949367
2012-11-21T19:00-0800,-0.042194093
2012-11-21T19:15-0800,-0.084388186
2012-11-21T19:30-0800,-0.042194093
2012-11-21T19:45-0800,-0.025316456
2012-11-21T20:00-0800,-0.042194093
2012-11-21T20:15-0800,-0.025316456
2012-11-21T20:30-0800,-0.033755274
2012-11-21T20:45-0800,-0.016877637
2012-11-21T21:00-0800,-0.025316456
2012-11-21T21:15-0800,-0.042194093
2012-11-21T21:30-0800,-0.025316456
2012-11-21T21:45-0800,-0.025316456
2012-11-21T22:00-0800,-0.025316456
2012-11-21T22:15-0800,-0.025316456
2012-11-21T22:30-0800,-0.025316456
2012-11-21T22:45-0800,-0.019474197
2012-11-21T23:00-0800,-0.025316456
2012-11-21T23:15-0800,-0.016877637
2012-11-21T23:30-0800,-0.016877637
2012-11-21T23:45-0800,-0.025316456
2012-11-22T00:00-0800,-0.033755274
2012-11-22T00:15-0800,-0.016877637
2012-11-22T00:30-0800,-0.025316456
2012-11-22T00:45-0800,-0.025316456
2012-11-22T01:00-0800,-0.016877637
2012-11-22T01:15-0800,-0.033755274
2012-11-22T01:30-0800,-0.025316456
2012-11-22T01:45-0800,-0.025316456
2012-11-22T02:00-0800,-0.010548523
2012-11-22T02:15-0800,-0.008438819
2012-11-22T02:30-0800,-0.025316456
2012-11-22T02:45-0800,-0.025316456
2012-11-22T03:00-0800,-0.016877637
2012-11-22T03:15-0800,-0.016877637
2012-11-22T03:30-0800,-0.016877637
2012-11-22T03:45-0800,-0.016877637
2012-11-22T04:00-0800,-0.016877637
2012-11-22T04:15-0800,-0.016877637
2012-11-22T04:30-0800,-0.016877637
2012-11-22T04:45-0800,-0.025316456
2012-11-22T05:00-0800,-0.016877637
2012-11-22T05:15-0800,-0.008438819
2012-11-22T05:30-0800,--
2012-11-22T05:45-0800,--
2012-11-22T06:00-0800,-0.016877637
2012-11-22T06:15-0800,--
2012-11-22T06:30-0800,0.742616034
2012-11-22T06:45-0800,4.168776371
2012-11-22T07:00-0800,21.76371308
2012-11-22T07:15-0800,61.7721519
2012-11-22T07:30-0800,96.29535865
2012-11-22T07:45-0800,126.3122363
2012-11-22T08:00-0800,161.814346
2012-11-22T08:15-0800,200.8691983
2012-11-22T08:30-0800,240.3122363
2012-11-22T08:45-0800,278.1687764
2012-11-22T09:00-0800,314.5063291
2012-11-22T09:15-0800,347.4008439
2012-11-22T09:30-0800,381.3417722
2012-11-22T09:45-0800,408.9535865
2012-11-22T10:00-0800,428.7439143
2012-11-22T10:15-0800,454.5991561
2012-11-22T10:30-0800,473.1561181
2012-11-22T10:45-0800,488.9957806
2012-11-22T11:00-0800,500.742616
2012-11-22T11:15-0800,509.5021097
2012-11-22T11:30-0800,515.7383966
2012-11-22T11:45-0800,516.5400844
2012-11-22T12:00-0800,514.7088608
2012-11-22T12:15-0800,509.2405063
2012-11-22T12:30-0800,500.1265823
2012-11-22T12:45-0800,476.1518987
2012-11-22T13:00-0800,467.2320675
2012-11-22T13:15-0800,458.3881857
2012-11-22T13:30-0800,433.4852321
2012-11-22T13:45-0800,418.6075949
2012-11-22T14:00-0800,389.1983122
2012-11-22T14:15-0800,353.6962025
2012-11-22T14:30-0800,304.1350211
2012-11-22T14:45-0800,275.2236287
2012-11-22T15:00-0800,248.1434599
2012-11-22T15:15-0800,212.6582278
2012-11-22T15:30-0800,168.0253165
2012-11-22T15:45-0800,123.1983122
2012-11-22T16:00-0800,98.01687764
2012-11-22T16:15-0800,67.06329114
2012-11-22T16:30-0800,15.17299578
2012-11-22T16:45-0800,5.485232068
2012-11-22T17:00-0800,1.94092827
2012-11-22T17:15-0800,0.042194093
2012-11-22T17:30-0800,-0.067510549
2012-11-22T17:45-0800,-0.042194093
2012-11-22T18:00-0800,-0.084388186
2012-11-22T18:15-0800,-0.05907173
2012-11-22T18:30-0800,-0.05907173
2012-11-22T18:45-0800,-0.025316456
2012-11-22T19:00-0800,-0.05907173
2012-11-22T19:15-0800,-0.05907173
2012-11-22T19:30-0800,-0.033755274
2012-11-22T19:45-0800,-0.025316456
2012-11-22T20:00-0800,-0.033755274
2012-11-22T20:15-0800,-0.050632911
2012-11-22T20:30-0800,-0.042194093
2012-11-22T20:45-0800,-0.016877637
2012-11-22T21:00-0800,-0.025316456
2012-11-22T21:15-0800,-0.025316456
2012-11-22T21:30-0800,-0.008438819
2012-11-22T21:45-0800,-0.008438819
2012-11-22T22:00-0800,-0.025316456
2012-11-22T22:15-0800,--
2012-11-22T22:30-0800,-0.025316456
2012-11-22T22:45-0800,-0.025316456
2012-11-22T23:00-0800,-0.050632911
2012-11-22T23:15-0800,-0.025316456
2012-11-22T23:30-0800,-0.033755274
2012-11-22T23:45-0800,-0.025316456
2012-11-23T00:00-0800,-0.042194093
2012-11-23T00:15-0800,-0.009737098
2012-11-23T00:30-0800,-0.008438819
2012-11-23T00:45-0800,-0.016877637
2012-11-23T01:00-0800,-0.008438819
2012-11-23T01:15-0800,-0.016877637
2012-11-23T01:30-0800,--
2012-11-23T01:45-0800,-0.016877637
2012-11-23T02:00-0800,--
2012-11-23T02:15-0800,-0.008438819
2012-11-23T02:30-0800,-0.025316456
2012-11-23T02:45-0800,-0.025316456
2012-11-23T03:00-0800,-0.033755274
2012-11-23T03:15-0800,-0.025316456
2012-11-23T03:30-0800,-0.008438819
2012-11-23T03:45-0800,-0.008438819
2012-11-23T04:00-0800,-0.008438819
2012-11-23T04:15-0800,--
2012-11-23T04:30-0800,-0.016877637
2012-11-23T04:45-0800,-0.016877637
2012-11-23T05:00-0800,-0.025316456
2012-11-23T05:15-0800,--
2012-11-23T05:30-0800,-0.008438819
2012-11-23T05:45-0800,-0.025316456
2012-11-23T06:00-0800,-0.008438819
2012-11-23T06:15-0800,0.016877637
2012-11-23T06:30-0800,1.156118143
2012-11-23T06:45-0800,5.198312236
2012-11-23T07:00-0800,19.83966245
2012-11-23T07:15-0800,54.74261603
2012-11-23T07:30-0800,90.63291139
2012-11-23T07:45-0800,113.1054852
2012-11-23T08:00-0800,168.1012658
2012-11-23T08:15-0800,204.5063291
2012-11-23T08:30-0800,235.3839662
2012-11-23T08:45-0800,274.8438819
2012-11-23T09:00-0800,311.2405063
2012-11-23T09:15-0800,346.9029536
2012-11-23T09:30-0800,378.5738397
2012-11-23T09:45-0800,394.9198312
2012-11-23T10:00-0800,428.0759494
2012-11-23T10:15-0800,440.8523207
2012-11-23T10:30-0800,458.5738397
2012-11-23T10:45-0800,468.0675105
2012-11-23T11:00-0800,485.814346
2012-11-23T11:15-0800,495.0632911
2012-11-23T11:30-0800,490.92827
2012-11-23T11:45-0800,491.1476793
2012-11-23T12:00-0800,498.9029536
2012-11-23T12:15-0800,473.1139241
2012-11-23T12:30-0800,494.8776371
2012-11-23T12:45-0800,483.4936709
2012-11-23T13:00-0800,474.1687764
2012-11-23T13:15-0800,454.6413502
2012-11-23T13:30-0800,433.9746835
2012-11-23T13:45-0800,410.0904159
2012-11-23T14:00-0800,383.1814346
2012-11-23T14:15-0800,350.9493671
2012-11-23T14:30-0800,306.8776371
2012-11-23T14:45-0800,273.2489451
2012-11-23T15:00-0800,246.6666667
2012-11-23T15:15-0800,210.8047016
2012-11-23T15:30-0800,171.2489451
2012-11-23T15:45-0800,130.7990506
2012-11-23T16:00-0800,89.04159132
2012-11-23T16:15-0800,53.48101266
2012-11-23T16:30-0800,12.5443038
2012-11-23T16:45-0800,5.443037975
2012-11-23T17:00-0800,1.50994575
2012-11-23T17:15-0800,0.015822785
2012-11-23T17:30-0800,-0.042194093
2012-11-23T17:45-0800,-0.054249548
2012-11-23T18:00-0800,-0.05907173
2012-11-23T18:15-0800,-0.063291139
2012-11-23T18:30-0800,-0.067510549
2012-11-23T18:45-0800,-0.067510549
2012-11-23T19:00-0800,-0.084388186
2012-11-23T19:15-0800,-0.063291139
2012-11-23T19:30-0800,-0.055379747
2012-11-23T19:45-0800,-0.054249548
2012-11-23T20:00-0800,-0.050632911
2012-11-23T20:15-0800,-0.047468354
2012-11-23T20:30-0800,-0.025316456
2012-11-23T20:45-0800,-0.045207957
2012-11-23T21:00-0800,-0.025316456
2012-11-23T21:15-0800,-0.039556962
2012-11-23T21:30-0800,-0.042194093
2012-11-23T21:45-0800,-0.025316456
2012-11-23T22:00-0800,-0.050632911
2012-11-23T22:15-0800,-0.05907173
2012-11-23T22:30-0800,-0.025316456
2012-11-23T22:45-0800,-0.05907173
2012-11-23T23:00-0800,-0.063291139
2012-11-23T23:15-0800,-0.015822785
2012-11-23T23:30-0800,-0.033755274
2012-11-23T23:45-0800,-0.016877637
2012-11-24T00:00-0800,-0.027124774
2012-11-24T00:15-0800,--
2012-11-24T00:30-0800,-0.033755274
2012-11-24T00:45-0800,-0.016877637
2012-11-24T01:00-0800,-0.016877637
2012-11-24T01:15-0800,-0.025316456
2012-11-24T01:30-0800,-0.025316456
2012-11-24T01:45-0800,--
2012-11-24T02:00-0800,-0.042194093
2012-11-24T02:15-0800,-0.025316456
2012-11-24T02:30-0800,-0.033755274
2012-11-24T02:45-0800,--
2012-11-24T03:00-0800,-0.008438819
2012-11-24T03:15-0800,-0.016877637
2012-11-24T03:30-0800,-0.016877637
2012-11-24T03:45-0800,-0.042194093
2012-11-24T04:00-0800,-0.016877637
2012-11-24T04:15-0800,--
2012-11-24T04:30-0800,-0.033755274
2012-11-24T04:45-0800,-0.008438819
2012-11-24T05:00-0800,-0.016877637
2012-11-24T05:15-0800,-0.008438819
2012-11-24T05:30-0800,-0.016877637
2012-11-24T05:45-0800,-0.025316456
2012-11-24T06:00-0800,-0.025316456
2012-11-24T06:15-0800,0.008438819
2012-11-24T06:30-0800,0.556962025
2012-11-24T06:45-0800,3.662447257
2012-11-24T07:00-0800,18.46413502
2012-11-24T07:15-0800,62.02531646
2012-11-24T07:30-0800,93.56962025
2012-11-24T07:45-0800,123.350211
2012-11-24T08:00-0800,159.443038
2012-11-24T08:15-0800,195.350211
2012-11-24T08:30-0800,233.2320675
2012-11-24T08:45-0800,270.3206751
2012-11-24T09:00-0800,306.8607595
2012-11-24T09:15-0800,341.9578059
2012-11-24T09:30-0800,372.2700422
2012-11-24T09:45-0800,398.9198312
2012-11-24T10:00-0800,423.5189873
2012-11-24T10:15-0800,444.5063291
2012-11-24T10:30-0800,463.5189873
2012-11-24T10:45-0800,479.0548523
2012-11-24T11:00-0800,490.9198312
2012-11-24T11:15-0800,499.2658228
2012-11-24T11:30-0800,504.7594937
2012-11-24T11:45-0800,506.978903
2012-11-24T12:00-0800,507.4599156
2012-11-24T12:15-0800,502.278481
2012-11-24T12:30-0800,493.8312236
2012-11-24T12:45-0800,482.556962
2012-11-24T13:00-0800,467.3164557
2012-11-24T13:15-0800,450.7594937
2012-11-24T13:30-0800,430.4159132
2012-11-24T13:45-0800,404.7088608
2012-11-24T14:00-0800,376.8438819
2012-11-24T14:15-0800,346.2700422
2012-11-24T14:30-0800,312.7679325
2012-11-24T14:45-0800,276.7341772
2012-11-24T15:00-0800,240.5822785
2012-11-24T15:15-0800,204.6056475
2012-11-24T15:30-0800,166.3122363
2012-11-24T15:45-0800,128.2616034
2012-11-24T16:00-0800,93.34177215
2012-11-24T16:15-0800,54.75105485
2012-11-24T16:30-0800,12.07594937
2012-11-24T16:45-0800,5.426160338
2012-11-24T17:00-0800,1.282700422
2012-11-24T17:15-0800,-0.008438819
2012-11-24T17:30-0800,-0.075949367
2012-11-24T17:45-0800,-0.075949367
2012-11-24T18:00-0800,-0.042194093
2012-11-24T18:15-0800,-0.067510549
2012-11-24T18:30-0800,-0.033755274
2012-11-24T18:45-0800,-0.05907173
2012-11-24T19:00-0800,-0.025316456
2012-11-24T19:15-0800,-0.042194093
2012-11-24T19:30-0800,-0.042194093
2012-11-24T19:45-0800,-0.033755274
2012-11-24T20:00-0800,-0.025316456
2012-11-24T20:15-0800,-0.05907173
2012-11-24T20:30-0800,-0.033755274
2012-11-24T20:45-0800,-0.067510549
2012-11-24T21:00-0800,-0.033755274
2012-11-24T21:15-0800,-0.033755274
2012-11-24T21:30-0800,-0.042194093
2012-11-24T21:45-0800,-0.067510549
2012-11-24T22:00-0800,-0.016877637
2012-11-24T22:15-0800,-0.016877637
2012-11-24T22:30-0800,-0.042194093
2012-11-24T22:45-0800,-0.033755274
2012-11-24T23:00-0800,-0.019474197
2012-11-24T23:15-0800,-0.033755274
2012-11-24T23:30-0800,-0.025316456
2012-11-24T23:45-0800,-0.008438819
2012-11-25T00:00-0800,-0.016877637
2012-11-25T00:15-0800,-0.025316456
2012-11-25T00:30-0800,-0.038948393
2012-11-25T00:45-0800,-0.016877637
2012-11-25T01:00-0800,-0.008438819
2012-11-25T01:15-0800,-0.016877637
2012-11-25T01:30-0800,-0.016877637
2012-11-25T01:45-0800,-0.016877637
2012-11-25T02:00-0800,-0.025316456
2012-11-25T02:15-0800,-0.025316456
2012-11-25T02:30-0800,--
2012-11-25T02:45-0800,-0.025316456
2012-11-25T03:00-0800,-0.025316456
2012-11-25T03:15-0800,-0.033755274
2012-11-25T03:30-0800,-0.042194093
2012-11-25T03:45-0800,-0.016877637
2012-11-25T04:00-0800,-0.008438819
2012-11-25T04:15-0800,-0.008438819
2012-11-25T04:30-0800,-0.033755274
2012-11-25T04:45-0800,-0.016877637
2012-11-25T05:00-0800,-0.016877637
2012-11-25T05:15-0800,--
2012-11-25T05:30-0800,-0.008438819
2012-11-25T05:45-0800,--
2012-11-25T06:00-0800,-0.008438819
2012-11-25T06:15-0800,-0.008438819
2012-11-25T06:30-0800,0.11814346
2012-11-25T06:45-0800,0.852320675
2012-11-25T07:00-0800,3.181434599
2012-11-25T07:15-0800,6.784810127
2012-11-25T07:30-0800,14.4556962
2012-11-25T07:45-0800,25.13080169
2012-11-25T08:00-0800,37.94936709
2012-11-25T08:15-0800,44.60759494
2012-11-25T08:30-0800,60.16877637
2012-11-25T08:45-0800,74.50632911
2012-11-25T09:00-0800,80.32911392
2012-11-25T09:15-0800,79.12236287
2012-11-25T09:30-0800,90.81012658
2012-11-25T09:45-0800,93.41772152
2012-11-25T10:00-0800,106.8101266
2012-11-25T10:15-0800,94.55696203
2012-11-25T10:30-0800,89.52742616
2012-11-25T10:45-0800,113.0886076
2012-11-25T11:00-0800,112.8185654
2012-11-25T11:15-0800,113.7721519
2012-11-25T11:30-0800,121.0970464
2012-11-25T11:45-0800,118.4219409
2012-11-25T12:00-0800,115.8227848
2012-11-25T12:15-0800,106.3544304
2012-11-25T12:30-0800,112.8270042
2012-11-25T12:45-0800,110.4303797
2012-11-25T13:00-0800,122.2953586
2012-11-25T13:15-0800,130.9873418
2012-11-25T13:30-0800,160.5232068
2012-11-25T13:45-0800,293.5696203
2012-11-25T14:00-0800,398.8185654
2012-11-25T14:15-0800,303.1223629
2012-11-25T14:30-0800,316.5991561
2012-11-25T14:45-0800,268.278481
2012-11-25T15:00-0800,233.3670886
2012-11-25T15:15-0800,195.2320675
2012-11-25T15:30-0800,158.6582278
2012-11-25T15:45-0800,121.6877637
2012-11-25T16:00-0800,84.37130802
2012-11-25T16:15-0800,48.01687764
2012-11-25T16:30-0800,11.98312236
2012-11-25T16:45-0800,3.451476793
2012-11-25T17:00-0800,0.47257384
2012-11-25T17:15-0800,-0.025316456
2012-11-25T17:30-0800,-0.025316456
2012-11-25T17:45-0800,-0.033755274
2012-11-25T18:00-0800,-0.042194093
2012-11-25T18:15-0800,-0.025316456
2012-11-25T18:30-0800,-0.008438819
2012-11-25T18:45-0800,-0.042194093
2012-11-25T19:00-0800,-0.042194093
2012-11-25T19:15-0800,-0.008438819
2012-11-25T19:30-0800,-0.008438819
2012-11-25T19:45-0800,-0.025316456
2012-11-25T20:00-0800,-0.016877637
2012-11-25T20:15-0800,-0.008438819
2012-11-25T20:30-0800,-0.05907173
2012-11-25T20:45-0800,-0.025316456
2012-11-25T21:00-0800,-0.025316456
2012-11-25T21:15-0800,-0.016877637
2012-11-25T21:30-0800,-0.025316456
2012-11-25T21:45-0800,-0.016877637
2012-11-25T22:00-0800,-0.025316456
2012-11-25T22:15-0800,-0.016877637
2012-11-25T22:30-0800,-0.008438819
2012-11-25T22:45-0800,-0.008438819
2012-11-25T23:00-0800,-0.008438819
2012-11-25T23:15-0800,-0.016877637
2012-11-25T23:30-0800,-0.008438819
2012-11-25T23:45-0800,-0.016877637
2012-11-26T00:00-0800,-0.016877637
2012-11-26T00:15-0800,-0.016877637
2012-11-26T00:30-0800,-0.025316456
2012-11-26T00:45-0800,-0.025316456
2012-11-26T01:00-0800,-0.033755274
2012-11-26T01:15-0800,-0.016877637
2012-11-26T01:30-0800,-0.016877637
2012-11-26T01:45-0800,-0.025316456
2012-11-26T02:00-0800,-0.016877637
2012-11-26T02:15-0800,-0.016877637
2012-11-26T02:30-0800,-0.007911392
2012-11-26T02:45-0800,-0.009041591
2012-11-26T03:00-0800,-0.025316456
2012-11-26T03:15-0800,-0.033755274
2012-11-26T03:30-0800,-0.016877637
2012-11-26T03:45-0800,-0.016877637
2012-11-26T04:00-0800,--
2012-11-26T04:15-0800,-0.016877637
2012-11-26T04:30-0800,-0.016877637
2012-11-26T04:45-0800,-0.033755274
2012-11-26T05:00-0800,-0.008438819
2012-11-26T05:15-0800,-0.023734177
2012-11-26T05:30-0800,-0.009041591
2012-11-26T05:45-0800,--
2012-11-26T06:00-0800,-0.016877637
2012-11-26T06:15-0800,-0.025316456
2012-11-26T06:30-0800,0.324367089
2012-11-26T06:45-0800,2.830018083
2012-11-26T07:00-0800,10.03375527
2012-11-26T07:15-0800,38.61550633
2012-11-26T07:30-0800,73.8649789
2012-11-26T07:45-0800,107.4008439
2012-11-26T08:00-0800,145.3755274
2012-11-26T08:15-0800,183.7805907
2012-11-26T08:30-0800,225.39783
2012-11-26T08:45-0800,266.0675105
2012-11-26T09:00-0800,304.0675105
2012-11-26T09:15-0800,338.3291139
2012-11-26T09:30-0800,369.8496835
2012-11-26T09:45-0800,397.8481013
2012-11-26T10:00-0800,421.9409283
2012-11-26T10:15-0800,443.6347197
2012-11-26T10:30-0800,462.6971762
2012-11-26T10:45-0800,478.3544304
2012-11-26T11:00-0800,492.0727848
2012-11-26T11:15-0800,500.8776371
2012-11-26T11:30-0800,506.1265823
2012-11-26T11:45-0800,507.6943942
2012-11-26T12:00-0800,506.3844937
2012-11-26T12:15-0800,501.3586498
2012-11-26T12:30-0800,490.7088608
2012-11-26T12:45-0800,476.8646543
2012-11-26T13:00-0800,459.0415913
2012-11-26T13:15-0800,442.1181435
2012-11-26T13:30-0800,419.5490506
2012-11-26T13:45-0800,393.5949367
2012-11-26T14:00-0800,366.2953586
2012-11-26T14:15-0800,338.2025316
2012-11-26T14:30-0800,297.6708861
2012-11-26T14:45-0800,233.363472
2012-11-26T15:00-0800,170.1012658
2012-11-26T15:15-0800,153.6202532
2012-11-26T15:30-0800,142.742616
2012-11-26T15:45-0800,112.8438819
2012-11-26T16:00-0800,89.33333333
2012-11-26T16:15-0800,54.58227848
2012-11-26T16:30-0800,13.11587147
2012-11-26T16:45-0800,3.670886076
2012-11-26T17:00-0800,0.244725738
2012-11-26T17:15-0800,-0.042194093
2012-11-26T17:30-0800,-0.067510549
2012-11-26T17:45-0800,-0.068159688
2012-11-26T18:00-0800,-0.05907173
2012-11-26T18:15-0800,-0.05907173
2012-11-26T18:30-0800,-0.067510549
2012-11-26T18:45-0800,-0.042194093
2012-11-26T19:00-0800,-0.042194093
2012-11-26T19:15-0800,-0.050632911
2012-11-26T19:30-0800,-0.042194093
2012-11-26T19:45-0800,-0.042194093
2012-11-26T20:00-0800,-0.008438819
2012-11-26T20:15-0800,-0.025316456
2012-11-26T20:30-0800,-0.025316456
2012-11-26T20:45-0800,-0.033755274
2012-11-26T21:00-0800,-0.016877637
2012-11-26T21:15-0800,-0.042194093
2012-11-26T21:30-0800,-0.025316456
2012-11-26T21:45-0800,-0.042194093
2012-11-26T22:00-0800,-0.016877637
2012-11-26T22:15-0800,-0.025316456
2012-11-26T22:30-0800,-0.042194093
2012-11-26T22:45-0800,-0.033755274
2012-11-26T23:00-0800,-0.050632911
2012-11-26T23:15-0800,-0.042194093
2012-11-26T23:30-0800,-0.016877637
2012-11-26T23:45-0800,-0.025316456
2012-11-27T00:00-0800,-0.008438819
2012-11-27T00:15-0800,-0.021097046
2012-11-27T00:30-0800,-0.025316456
2012-11-27T00:45-0800,--
2012-11-27T01:00-0800,--
2012-11-27T01:15-0800,-0.016877637
2012-11-27T01:30-0800,-0.016877637
2012-11-27T01:45-0800,-0.025316456
2012-11-27T02:00-0800,-0.025316456
2012-11-27T02:15-0800,-0.042194093
2012-11-27T02:30-0800,-0.016877637
2012-11-27T02:45-0800,-0.008438819
2012-11-27T03:00-0800,-0.033755274
2012-11-27T03:15-0800,-0.025316456
2012-11-27T03:30-0800,-0.033755274
2012-11-27T03:45-0800,-0.033755274
2012-11-27T04:00-0800,-0.016877637
2012-11-27T04:15-0800,-0.025316456
2012-11-27T04:30-0800,-0.05907173
2012-11-27T04:45-0800,-0.042194093
2012-11-27T05:00-0800,-0.025316456
2012-11-27T05:15-0800,-0.042194093
2012-11-27T05:30-0800,-0.025316456
2012-11-27T05:45-0800,-0.054249548
2012-11-27T06:00-0800,-0.025316456
2012-11-27T06:15-0800,--
2012-11-27T06:30-0800,0.084388186
2012-11-27T06:45-0800,1.839662447
2012-11-27T07:00-0800,5.898734177
2012-11-27T07:15-0800,18.41350211
2012-11-27T07:30-0800,31.93248945
2012-11-27T07:45-0800,51.58649789
2012-11-27T08:00-0800,143.8607595
2012-11-27T08:15-0800,190.1350211
2012-11-27T08:30-0800,199.3037975
2012-11-27T08:45-0800,214.1350211
2012-11-27T09:00-0800,180.2869198
2012-11-27T09:15-0800,208.3544304
2012-11-27T09:30-0800,206.9029536
2012-11-27T09:45-0800,283.074141
2012-11-27T10:00-0800,176.1687764
2012-11-27T10:15-0800,217.8818565
2012-11-27T10:30-0800,349.8059072
2012-11-27T10:45-0800,219.4514768
2012-11-27T11:00-0800,269.6540084
2012-11-27T11:15-0800,296.2362869
2012-11-27T11:30-0800,408.1434599
2012-11-27T11:45-0800,435.1814346
2012-11-27T12:00-0800,423.6540084
2012-11-27T12:15-0800,271.8481013
2012-11-27T12:30-0800,287.1983122
2012-11-27T12:45-0800,308.9113924
2012-11-27T13:00-0800,331.2911392
2012-11-27T13:15-0800,273.1392405
2012-11-27T13:30-0800,287.4936709
2012-11-27T13:45-0800,314.4303797
2012-11-27T14:00-0800,209.0548523
2012-11-27T14:15-0800,174.8438819
2012-11-27T14:30-0800,218.0253165
2012-11-27T14:45-0800,233.1898734
2012-11-27T15:00-0800,149.4177215
2012-11-27T15:15-0800,89.92405063
2012-11-27T15:30-0800,95.80590717
2012-11-27T15:45-0800,162.7257384
2012-11-27T16:00-0800,125.5443038
2012-11-27T16:15-0800,55.13080169
2012-11-27T16:30-0800,18.21097046
2012-11-27T16:45-0800,5.476793249
2012-11-27T17:00-0800,0.548523207
2012-11-27T17:15-0800,-0.016877637
2012-11-27T17:30-0800,-0.05907173
2012-11-27T17:45-0800,-0.101265823
2012-11-27T18:00-0800,-0.075949367
2012-11-27T18:15-0800,-0.067510549
2012-11-27T18:30-0800,-0.05907173
2012-11-27T18:45-0800,-0.033755274
2012-11-27T19:00-0800,-0.033755274
2012-11-27T19:15-0800,-0.050632911
2012-11-27T19:30-0800,-0.042194093
2012-11-27T19:45-0800,-0.05842259
2012-11-27T20:00-0800,-0.050632911
2012-11-27T20:15-0800,-0.042194093
2012-11-27T20:30-0800,-0.033755274
2012-11-27T20:45-0800,-0.092827004
2012-11-27T21:00-0800,-0.05907173
2012-11-27T21:15-0800,-0.046029919
2012-11-27T21:30-0800,-0.063291139
2012-11-27T21:45-0800,-0.067510549
2012-11-27T22:00-0800,-0.042194093
2012-11-27T22:15-0800,-0.033755274
2012-11-27T22:30-0800,-0.042194093
2012-11-27T22:45-0800,-0.033755274
2012-11-27T23:00-0800,-0.05907173
2012-11-27T23:15-0800,-0.038948393
2012-11-27T23:30-0800,-0.033755274
2012-11-27T23:45-0800,-0.033755274
2012-11-28T00:00-0800,-0.067510549
2012-11-28T00:15-0800,-0.025316456
2012-11-28T00:30-0800,-0.033755274
2012-11-28T00:45-0800,-0.042194093
2012-11-28T01:00-0800,-0.033755274
2012-11-28T01:15-0800,-0.050632911
2012-11-28T01:30-0800,-0.067510549
2012-11-28T01:45-0800,-0.033755274
2012-11-28T02:00-0800,-0.054249548
2012-11-28T02:15-0800,-0.042194093
2012-11-28T02:30-0800,-0.067510549
2012-11-28T02:45-0800,-0.050632911
2012-11-28T03:00-0800,-0.042194093
2012-11-28T03:15-0800,-0.05907173
2012-11-28T03:30-0800,-0.033755274
2012-11-28T03:45-0800,-0.033755274
2012-11-28T04:00-0800,-0.067510549
2012-11-28T04:15-0800,-0.016877637
2012-11-28T04:30-0800,-0.033755274
2012-11-28T04:45-0800,-0.050632911
2012-11-28T05:00-0800,-0.042194093
2012-11-28T05:15-0800,-0.050632911
2012-11-28T05:30-0800,-0.05907173
2012-11-28T05:45-0800,-0.075949367
2012-11-28T06:00-0800,-0.050632911
2012-11-28T06:15-0800,-0.033755274
2012-11-28T06:30-0800,-0.042194093
2012-11-28T06:45-0800,0.23628692
2012-11-28T07:00-0800,3.603375527
2012-11-28T07:15-0800,9.291139241
2012-11-28T07:30-0800,8.168776371
2012-11-28T07:45-0800,11.7721519
2012-11-28T08:00-0800,10.11814346
2012-11-28T08:15-0800,12.84388186
2012-11-28T08:30-0800,23.35021097
2012-11-28T08:45-0800,26.10970464
2012-11-28T09:00-0800,44.8185654
2012-11-28T09:15-0800,74.092827
2012-11-28T09:30-0800,129.9578059
2012-11-28T09:45-0800,111.4008439
2012-11-28T10:00-0800,163.5443038
2012-11-28T10:15-0800,131.0801688
2012-11-28T10:30-0800,188.2447257
2012-11-28T10:45-0800,166.4135021
2012-11-28T11:00-0800,146.7932489
2012-11-28T11:15-0800,161.907173
2012-11-28T11:30-0800,237.7805907
2012-11-28T11:45-0800,225.9578059
2012-11-28T12:00-0800,322.7257384
2012-11-28T12:15-0800,311.2320675
2012-11-28T12:30-0800,320.5232068
2012-11-28T12:45-0800,247.2489451
2012-11-28T13:00-0800,151.4683544
2012-11-28T13:15-0800,146.3797468
2012-11-28T13:30-0800,253.6877637
2012-11-28T13:45-0800,438.5991561
2012-11-28T14:00-0800,389.4008439
2012-11-28T14:15-0800,363.6708861
2012-11-28T14:30-0800,125.3080169
2012-11-28T14:45-0800,114.0611814
2012-11-28T15:00-0800,93.08860759
2012-11-28T15:15-0800,172.4321881
2012-11-28T15:30-0800,169.7721519
2012-11-28T15:45-0800,70.54852321
2012-11-28T16:00-0800,47.80590717
2012-11-28T16:15-0800,35.46835443
2012-11-28T16:30-0800,13.88185654
2012-11-28T16:45-0800,4.109704641
2012-11-28T17:00-0800,0.573839662
2012-11-28T17:15-0800,-0.075949367
2012-11-28T17:30-0800,-0.033755274
2012-11-28T17:45-0800,-0.05907173
2012-11-28T18:00-0800,-0.067510549
2012-11-28T18:15-0800,-0.075949367
2012-11-28T18:30-0800,-0.092827004
2012-11-28T18:45-0800,-0.050632911
2012-11-28T19:00-0800,-0.092827004
2012-11-28T19:15-0800,-0.050632911
2012-11-28T19:30-0800,-0.084388186
2012-11-28T19:45-0800,-0.025316456
2012-11-28T20:00-0800,-0.067510549
2012-11-28T20:15-0800,-0.05907173
2012-11-28T20:30-0800,-0.025316456
2012-11-28T20:45-0800,-0.03164557
2012-11-28T21:00-0800,-0.063291139
2012-11-28T21:15-0800,-0.067510549
2012-11-28T21:30-0800,-0.092827004
2012-11-28T21:45-0800,-0.071202532
2012-11-28T22:00-0800,-0.045207957
2012-11-28T22:15-0800,-0.063291139
2012-11-28T22:30-0800,-0.050632911
2012-11-28T22:45-0800,-0.05907173
2012-11-28T23:00-0800,-0.05907173
2012-11-28T23:15-0800,-0.071202532
2012-11-28T23:30-0800,-0.045207957
2012-11-28T23:45-0800,-0.067510549
2012-11-29T00:00-0800,-0.05907173
2012-11-29T00:15-0800,-0.071202532
2012-11-29T00:30-0800,-0.05907173
2012-11-29T00:45-0800,-0.045207957
2012-11-29T01:00-0800,-0.071202532
2012-11-29T01:15-0800,-0.092827004
2012-11-29T01:30-0800,-0.050632911
2012-11-29T01:45-0800,-0.05842259
2012-11-29T02:00-0800,-0.084388186
2012-11-29T02:15-0800,-0.075949367
2012-11-29T02:30-0800,-0.025316456
2012-11-29T02:45-0800,-0.045207957
2012-11-29T03:00-0800,-0.063291139
2012-11-29T03:15-0800,-0.050632911
2012-11-29T03:30-0800,-0.050632911
2012-11-29T03:45-0800,-0.075949367
2012-11-29T04:00-0800,-0.063291139
2012-11-29T04:15-0800,-0.071202532
2012-11-29T04:30-0800,-0.075949367
2012-11-29T04:45-0800,-0.05907173
2012-11-29T05:00-0800,-0.05907173
2012-11-29T05:15-0800,-0.042194093
2012-11-29T05:30-0800,-0.050632911
2012-11-29T05:45-0800,-0.042194093
2012-11-29T06:00-0800,-0.05907173
2012-11-29T06:15-0800,-0.084388186
2012-11-29T06:30-0800,-0.008438819
2012-11-29T06:45-0800,0.278481013
2012-11-29T07:00-0800,1.82278481
2012-11-29T07:15-0800,5.35021097
2012-11-29T07:30-0800,10.10970464
2012-11-29T07:45-0800,16.09403255
2012-11-29T08:00-0800,18.34599156
2012-11-29T08:15-0800,19.16455696
2012-11-29T08:30-0800,22.67510549
2012-11-29T08:45-0800,31.88185654
2012-11-29T09:00-0800,44.3628692
2012-11-29T09:15-0800,50.41350211
2012-11-29T09:30-0800,51.87341772
2012-11-29T09:45-0800,47.71308017
2012-11-29T10:00-0800,59.42616034
2012-11-29T10:15-0800,72.71729958
2012-11-29T10:30-0800,46.92827004
2012-11-29T10:45-0800,39.72736125
2012-11-29T11:00-0800,67.89873418
2012-11-29T11:15-0800,113.8481013
2012-11-29T11:30-0800,104.4219409
2012-11-29T11:45-0800,118.023369
2012-11-29T12:00-0800,141.2067511
2012-11-29T12:15-0800,114.4109056
2012-11-29T12:30-0800,111.721519
2012-11-29T12:45-0800,116.5280289
2012-11-29T13:00-0800,167.5949367
2012-11-29T13:15-0800,127.628692
2012-11-29T13:30-0800,81.39240506
2012-11-29T13:45-0800,57.13924051
2012-11-29T14:00-0800,37.13924051
2012-11-29T14:15-0800,28.90295359
2012-11-29T14:30-0800,31.29957806
2012-11-29T14:45-0800,28.82700422
2012-11-29T15:00-0800,22.16033755
2012-11-29T15:15-0800,18.61603376
2012-11-29T15:30-0800,15.62025316
2012-11-29T15:45-0800,14.9535865
2012-11-29T16:00-0800,9.620253165
2012-11-29T16:15-0800,3.974683544
2012-11-29T16:30-0800,1.738396624
2012-11-29T16:45-0800,0.320675105
2012-11-29T17:00-0800,-0.025316456
2012-11-29T17:15-0800,-0.042194093
2012-11-29T17:30-0800,-0.075949367
2012-11-29T17:45-0800,-0.05907173
2012-11-29T18:00-0800,-0.067510549
2012-11-29T18:15-0800,-0.075949367
2012-11-29T18:30-0800,-0.092827004
2012-11-29T18:45-0800,-0.05907173
2012-11-29T19:00-0800,-0.050632911
2012-11-29T19:15-0800,-0.050632911
2012-11-29T19:30-0800,-0.067510549
2012-11-29T19:45-0800,-0.067510549
2012-11-29T20:00-0800,-0.067510549
2012-11-29T20:15-0800,-0.042194093
2012-11-29T20:30-0800,-0.05907173
2012-11-29T20:45-0800,-0.075949367
2012-11-29T21:00-0800,-0.067510549
2012-11-29T21:15-0800,-0.05907173
2012-11-29T21:30-0800,-0.05907173
2012-11-29T21:45-0800,-0.042194093
2012-11-29T22:00-0800,-0.042194093
2012-11-29T22:15-0800,-0.042194093
2012-11-29T22:30-0800,-0.077896787
2012-11-29T22:45-0800,-0.075949367
2012-11-29T23:00-0800,-0.05907173
2012-11-29T23:15-0800,-0.075949367
2012-11-29T23:30-0800,-0.067510549
2012-11-29T23:45-0800,-0.109704641
2012-11-30T00:00-0800,-0.042194093
2012-11-30T00:15-0800,-0.067510549
2012-11-30T00:30-0800,-0.067510549
2012-11-30T00:45-0800,-0.05907173
2012-11-30T01:00-0800,-0.067510549
2012-11-30T01:15-0800,-0.05907173
2012-11-30T01:30-0800,-0.05907173
2012-11-30T01:45-0800,-0.05907173
2012-11-30T02:00-0800,-0.05907173
2012-11-30T02:15-0800,-0.067510549
2012-11-30T02:30-0800,-0.050632911
2012-11-30T02:45-0800,-0.033755274
2012-11-30T03:00-0800,-0.092827004
2012-11-30T03:15-0800,-0.05907173
2012-11-30T03:30-0800,-0.067510549
2012-11-30T03:45-0800,-0.087633885
2012-11-30T04:00-0800,-0.067510549
2012-11-30T04:15-0800,-0.075949367
2012-11-30T04:30-0800,-0.025316456
2012-11-30T04:45-0800,-0.099457505
2012-11-30T05:00-0800,-0.050632911
2012-11-30T05:15-0800,-0.05907173
2012-11-30T05:30-0800,-0.042194093
2012-11-30T05:45-0800,-0.072332731
2012-11-30T06:00-0800,-0.075949367
2012-11-30T06:15-0800,-0.090415913
2012-11-30T06:30-0800,-0.050632911
2012-11-30T06:45-0800,0.016877637
2012-11-30T07:00-0800,0.565400844
2012-11-30T07:15-0800,1.772151899
2012-11-30T07:30-0800,3.52742616
2012-11-30T07:45-0800,3.76371308
2012-11-30T08:00-0800,7.578059072
2012-11-30T08:15-0800,8.64978903
2012-11-30T08:30-0800,7.341772152
2012-11-30T08:45-0800,9.82278481
2012-11-30T09:00-0800,8.886075949
2012-11-30T09:15-0800,9.552742616
2012-11-30T09:30-0800,15.83966245
2012-11-30T09:45-0800,25.7721519
2012-11-30T10:00-0800,40.43881857
2012-11-30T10:15-0800,25.89873418
2012-11-30T10:30-0800,15.19831224
2012-11-30T10:45-0800,20.48945148
2012-11-30T11:00-0800,23.75527426
2012-11-30T11:15-0800,18.96202532
2012-11-30T11:30-0800,19.69620253
2012-11-30T11:45-0800,19.83966245
2012-11-30T12:00-0800,21.23206751
2012-11-30T12:15-0800,23.35864979
2012-11-30T12:30-0800,19.87341772
2012-11-30T12:45-0800,100.6919831
2012-11-30T13:00-0800,81.35021097
2012-11-30T13:15-0800,51.11392405
2012-11-30T13:30-0800,37.38396624
2012-11-30T13:45-0800,101.5611814
2012-11-30T14:00-0800,346.7510549
2012-11-30T14:15-0800,180.2447257
2012-11-30T14:30-0800,118.4050633
2012-11-30T14:45-0800,84.67510549
2012-11-30T15:00-0800,32.3628692
2012-11-30T15:15-0800,32.32067511
2012-11-30T15:30-0800,13.83122363
2012-11-30T15:45-0800,10.24472574
2012-11-30T16:00-0800,12.2278481
2012-11-30T16:15-0800,5.966244726
2012-11-30T16:30-0800,4.5907173
2012-11-30T16:45-0800,0.388185654
2012-11-30T17:00-0800,--
2012-11-30T17:15-0800,-0.075949367
2012-11-30T17:30-0800,-0.042194093
2012-11-30T17:45-0800,-0.050632911
2012-11-30T18:00-0800,-0.042194093
2012-11-30T18:15-0800,-0.075949367
2012-11-30T18:30-0800,-0.067510549
2012-11-30T18:45-0800,-0.092827004
2012-11-30T19:00-0800,-0.042194093
2012-11-30T19:15-0800,-0.050632911
2012-11-30T19:30-0800,-0.084388186
2012-11-30T19:45-0800,-0.092827004
2012-11-30T20:00-0800,-0.05907173
2012-11-30T20:15-0800,-0.042194093
2012-11-30T20:30-0800,-0.050632911
2012-11-30T20:45-0800,-0.084388186
2012-11-30T21:00-0800,-0.075949367
2012-11-30T21:15-0800,-0.067510549
2012-11-30T21:30-0800,-0.042194093
2012-11-30T21:45-0800,-0.075949367
2012-11-30T22:00-0800,-0.025316456
2012-11-30T22:15-0800,-0.092827004
2012-11-30T22:30-0800,-0.050632911
2012-11-30T22:45-0800,-0.075949367
2012-11-30T23:00-0800,-0.05907173
2012-11-30T23:15-0800,-0.05907173
2012-11-30T23:30-0800,-0.05907173
2012-11-30T23:45-0800,-0.067510549
2012-12-01T00:00-0800,-0.101265823
2012-12-01T00:15-0800,-0.05907173
2012-12-01T00:30-0800,-0.092827004
2012-12-01T00:45-0800,-0.075949367
2012-12-01T01:00-0800,-0.075949367
2012-12-01T01:15-0800,-0.050632911
2012-12-01T01:30-0800,-0.05907173
2012-12-01T01:45-0800,-0.042194093
2012-12-01T02:00-0800,-0.05907173
2012-12-01T02:15-0800,-0.067510549
2012-12-01T02:30-0800,-0.033755274
2012-12-01T02:45-0800,-0.067510549
2012-12-01T03:00-0800,-0.050632911
2012-12-01T03:15-0800,-0.05907173
2012-12-01T03:30-0800,-0.05907173
2012-12-01T03:45-0800,-0.05907173
2012-12-01T04:00-0800,-0.075949367
2012-12-01T04:15-0800,-0.050632911
2012-12-01T04:30-0800,-0.067510549
2012-12-01T04:45-0800,-0.067510549
2012-12-01T05:00-0800,-0.050632911
2012-12-01T05:15-0800,-0.033755274
2012-12-01T05:30-0800,-0.025316456
2012-12-01T05:45-0800,-0.075949367
2012-12-01T06:00-0800,-0.05907173
2012-12-01T06:15-0800,-0.033755274
2012-12-01T06:30-0800,-0.025316456
2012-12-01T06:45-0800,0.286919831
2012-12-01T07:00-0800,2.599156118
2012-12-01T07:15-0800,8.362869198
2012-12-01T07:30-0800,16.01687764
2012-12-01T07:45-0800,27.52742616
2012-12-01T08:00-0800,38.39662447
2012-12-01T08:15-0800,49.2742616
2012-12-01T08:30-0800,65.81434599
2012-12-01T08:45-0800,79.69620253
2012-12-01T09:00-0800,95.78902954
2012-12-01T09:15-0800,73.57805907
2012-12-01T09:30-0800,90.54008439
2012-12-01T09:45-0800,103.8649789
2012-12-01T10:00-0800,60.48101266
2012-12-01T10:15-0800,59.6835443
2012-12-01T10:30-0800,90.63291139
2012-12-01T10:45-0800,119.7046414
2012-12-01T11:00-0800,129.6202532
2012-12-01T11:15-0800,148.7088608
2012-12-01T11:30-0800,137.5632911
2012-12-01T11:45-0800,163.5081374
2012-12-01T12:00-0800,192.2953586
2012-12-01T12:15-0800,123.6793249
2012-12-01T12:30-0800,161.8670886
2012-12-01T12:45-0800,155.3887884
2012-12-01T13:00-0800,134.5738397
2012-12-01T13:15-0800,203.2236287
2012-12-01T13:30-0800,172.278481
2012-12-01T13:45-0800,89.55696203
2012-12-01T14:00-0800,108.4335443
2012-12-01T14:15-0800,109.1772152
2012-12-01T14:30-0800,59.89029536
2012-12-01T14:45-0800,31.26582278
2012-12-01T15:00-0800,35.3164557
2012-12-01T15:15-0800,87.66613924
2012-12-01T15:30-0800,73.87341772
2012-12-01T15:45-0800,28.88788427
2012-12-01T16:00-0800,14.7257384
2012-12-01T16:15-0800,5.838607595
2012-12-01T16:30-0800,2.270042194
2012-12-01T16:45-0800,0.540084388
2012-12-01T17:00-0800,-0.008438819
2012-12-01T17:15-0800,-0.072332731
2012-12-01T17:30-0800,-0.087025316
2012-12-01T17:45-0800,-0.075949367
2012-12-01T18:00-0800,-0.092827004
2012-12-01T18:15-0800,-0.05907173
2012-12-01T18:30-0800,-0.067510549
2012-12-01T18:45-0800,-0.075949367
2012-12-01T19:00-0800,-0.050632911
2012-12-01T19:15-0800,-0.05907173
2012-12-01T19:30-0800,-0.092827004
2012-12-01T19:45-0800,-0.092827004
2012-12-01T20:00-0800,-0.05907173
2012-12-01T20:15-0800,-0.072332731
2012-12-01T20:30-0800,-0.079113924
2012-12-01T20:45-0800,-0.042194093
2012-12-01T21:00-0800,-0.05907173
2012-12-01T21:15-0800,-0.042194093
2012-12-01T21:30-0800,-0.033755274
2012-12-01T21:45-0800,-0.092827004
2012-12-01T22:00-0800,-0.05907173
2012-12-01T22:15-0800,-0.050632911
2012-12-01T22:30-0800,-0.05907173
2012-12-01T22:45-0800,-0.084388186
2012-12-01T23:00-0800,-0.042194093
2012-12-01T23:15-0800,-0.042194093
2012-12-01T23:30-0800,-0.067510549
2012-12-01T23:45-0800,-0.075949367
2012-12-02T00:00-0800,-0.05907173
2012-12-02T00:15-0800,-0.075949367
2012-12-02T00:30-0800,-0.050632911
2012-12-02T00:45-0800,-0.067510549
2012-12-02T01:00-0800,-0.063291139
2012-12-02T01:15-0800,-0.036166365
2012-12-02T01:30-0800,-0.075949367
2012-12-02T01:45-0800,-0.050632911
2012-12-02T02:00-0800,-0.084388186
2012-12-02T02:15-0800,-0.033755274
2012-12-02T02:30-0800,-0.050632911
2012-12-02T02:45-0800,-0.084388186
2012-12-02T03:00-0800,-0.075949367
2012-12-02T03:15-0800,-0.050632911
2012-12-02T03:30-0800,-0.05907173
2012-12-02T03:45-0800,-0.081374322
2012-12-02T04:00-0800,-0.075949367
2012-12-02T04:15-0800,-0.042194093
2012-12-02T04:30-0800,-0.042194093
2012-12-02T04:45-0800,-0.084388186
2012-12-02T05:00-0800,-0.084388186
2012-12-02T05:15-0800,-0.05907173
2012-12-02T05:30-0800,-0.067510549
2012-12-02T05:45-0800,-0.042194093
2012-12-02T06:00-0800,-0.042194093
2012-12-02T06:15-0800,-0.067510549
2012-12-02T06:30-0800,-0.033755274
2012-12-02T06:45-0800,0.151898734
2012-12-02T07:00-0800,1.172995781
2012-12-02T07:15-0800,7.299578059
2012-12-02T07:30-0800,9.805907173
2012-12-02T07:45-0800,11.09704641
2012-12-02T08:00-0800,14.48945148
2012-12-02T08:15-0800,22.05063291
2012-12-02T08:30-0800,9.814345992
2012-12-02T08:45-0800,11.35021097
2012-12-02T09:00-0800,8.793248945
2012-12-02T09:15-0800,22.47257384
2012-12-02T09:30-0800,37.29957806
2012-12-02T09:45-0800,23.10548523
2012-12-02T10:00-0800,26.34599156
2012-12-02T10:15-0800,29.69620253
2012-12-02T10:30-0800,27.81434599
2012-12-02T10:45-0800,36.97890295
2012-12-02T11:00-0800,13.96624473
2012-12-02T11:15-0800,38.05063291
2012-12-02T11:30-0800,97.91561181
2012-12-02T11:45-0800,101.2320675
2012-12-02T12:00-0800,188.8101266
2012-12-02T12:15-0800,429.6455696
2012-12-02T12:30-0800,389.8481013
2012-12-02T12:45-0800,232.5654008
2012-12-02T13:00-0800,162.0168776
2012-12-02T13:15-0800,128.371308
2012-12-02T13:30-0800,286.0084388
2012-12-02T13:45-0800,250.3375527
2012-12-02T14:00-0800,231.9801085
2012-12-02T14:15-0800,139.8565401
2012-12-02T14:30-0800,133.7721519
2012-12-02T14:45-0800,131.5527426
2012-12-02T15:00-0800,73.07172996
2012-12-02T15:15-0800,43.88185654
2012-12-02T15:30-0800,71.49367089
2012-12-02T15:45-0800,68.21940928
2012-12-02T16:00-0800,32.02531646
2012-12-02T16:15-0800,13.19831224
2012-12-02T16:30-0800,7.729957806
2012-12-02T16:45-0800,2.337552743
2012-12-02T17:00-0800,0.244725738
2012-12-02T17:15-0800,-0.033755274
2012-12-02T17:30-0800,-0.042194093
2012-12-02T17:45-0800,-0.025316456
2012-12-02T18:00-0800,-0.050632911
2012-12-02T18:15-0800,-0.067510549
2012-12-02T18:30-0800,-0.075949367
2012-12-02T18:45-0800,-0.050632911
2012-12-02T19:00-0800,-0.084388186
2012-12-02T19:15-0800,-0.050632911
2012-12-02T19:30-0800,-0.025316456
2012-12-02T19:45-0800,-0.050632911
2012-12-02T20:00-0800,-0.05907173
2012-12-02T20:15-0800,-0.033755274
2012-12-02T20:30-0800,-0.05907173
2012-12-02T20:45-0800,-0.050632911
2012-12-02T21:00-0800,-0.042194093
2012-12-02T21:15-0800,-0.008438819
2012-12-02T21:30-0800,-0.033755274
2012-12-02T21:45-0800,-0.075949367
2012-12-02T22:00-0800,-0.050632911
2012-12-02T22:15-0800,-0.033755274
2012-12-02T22:30-0800,-0.050632911
2012-12-02T22:45-0800,-0.016877637
2012-12-02T23:00-0800,-0.042194093
2012-12-02T23:15-0800,-0.033755274
2012-12-02T23:30-0800,-0.042194093
2012-12-02T23:45-0800,-0.008438819
2012-12-03T00:00-0800,-0.05907173
2012-12-03T00:15-0800,-0.042194093
2012-12-03T00:30-0800,-0.042194093
2012-12-03T00:45-0800,-0.042194093
2012-12-03T01:00-0800,-0.050632911
2012-12-03T01:15-0800,-0.042194093
2012-12-03T01:30-0800,-0.042194093
2012-12-03T01:45-0800,-0.042194093
2012-12-03T02:00-0800,-0.067510549
2012-12-03T02:15-0800,-0.042194093
2012-12-03T02:30-0800,-0.042194093
2012-12-03T02:45-0800,-0.042194093
2012-12-03T03:00-0800,-0.025316456
2012-12-03T03:15-0800,-0.025316456
2012-12-03T03:30-0800,-0.025316456
2012-12-03T03:45-0800,-0.025316456
2012-12-03T04:00-0800,-0.048685492
2012-12-03T04:15-0800,-0.016877637
2012-12-03T04:30-0800,-0.008438819
2012-12-03T04:45-0800,--
2012-12-03T05:00-0800,-0.016877637
2012-12-03T05:15-0800,-0.025316456
2012-12-03T05:30-0800,-0.025316456
2012-12-03T05:45-0800,-0.008438819
2012-12-03T06:00-0800,-0.008438819
2012-12-03T06:15-0800,-0.016877637
2012-12-03T06:30-0800,0.008438819
2012-12-03T06:45-0800,0.987341772
2012-12-03T07:00-0800,6.784810127
2012-12-03T07:15-0800,38.06751055
2012-12-03T07:30-0800,84.27848101
2012-12-03T07:45-0800,104.6075949
2012-12-03T08:00-0800,124.7594937
2012-12-03T08:15-0800,130.278481
2012-12-03T08:30-0800,178.3544304
2012-12-03T08:45-0800,217.2405063
2012-12-03T09:00-0800,285.2637131
2012-12-03T09:15-0800,301.0886076
2012-12-03T09:30-0800,343.3164557
2012-12-03T09:45-0800,376.8860759
2012-12-03T10:00-0800,398.2194093
2012-12-03T10:15-0800,412.3037975
2012-12-03T10:30-0800,433.7890295
2012-12-03T10:45-0800,449.3080169
2012-12-03T11:00-0800,462.278481
2012-12-03T11:15-0800,477.2541383
2012-12-03T11:30-0800,484.5886076
2012-12-03T11:45-0800,487.7974684
2012-12-03T12:00-0800,485.7637131
2012-12-03T12:15-0800,457.5780591
2012-12-03T12:30-0800,457.5780591
2012-12-03T12:45-0800,454.5991561
2012-12-03T13:00-0800,447.7974684
2012-12-03T13:15-0800,401.6118143
2012-12-03T13:30-0800,402.4894515
2012-12-03T13:45-0800,368.9191821
2012-12-03T14:00-0800,358.517179
2012-12-03T14:15-0800,308.6329114
2012-12-03T14:30-0800,217.628692
2012-12-03T14:45-0800,239.4767932
2012-12-03T15:00-0800,211.6033755
2012-12-03T15:15-0800,186.8101266
2012-12-03T15:30-0800,125.3755274
2012-12-03T15:45-0800,71.49367089
2012-12-03T16:00-0800,51.11392405
2012-12-03T16:15-0800,27.75527426
2012-12-03T16:30-0800,10.38818565
2012-12-03T16:45-0800,1.400843882
2012-12-03T17:00-0800,0.067510549
2012-12-03T17:15-0800,-0.067510549
2012-12-03T17:30-0800,-0.092827004
2012-12-03T17:45-0800,-0.101265823
2012-12-03T18:00-0800,0.0
2012-12-03T18:15-0800,0.0
2012-12-03T18:30-0800,0.0
2012-12-03T18:45-0800,0.0
2012-12-03T19:00-0800,0.0
2012-12-03T19:15-0800,0.0
2012-12-03T19:30-0800,0.0
2012-12-03T19:45-0800,0.0
2012-12-03T20:00-0800,0.0
2012-12-03T20:15-0800,0.0
2012-12-03T20:30-0800,0.0
2012-12-03T20:45-0800,0.0
2012-12-03T21:00-0800,0.0
2012-12-03T21:15-0800,0.0
2012-12-03T21:30-0800,0.0
2012-12-03T21:45-0800,0.0
2012-12-03T22:00-0800,0.0
2012-12-03T22:15-0800,0.0
2012-12-03T22:30-0800,0.0
2012-12-03T22:45-0800,0.0
2012-12-03T23:00-0800,0.0
2012-12-03T23:15-0800,0.0
2012-12-03T23:30-0800,0.0
2012-12-03T23:45-0800,0.0
